"Sheet","No","Video Title (ชื่อคลิป)","URL / Timestamp Link (ลิงก์วิดีโอ)","Summary & Key Content (เนื้อหาสรุป)","Keywords / Tag","Keyword Code","Category"
"AllVideo","1","🔒 ลดความเสี่ยงข้อมูลรั่วไหล… โดยไม่ต้องแก้ระบบหลังบ้าน","https://www.youtube.com/watch?v=R6vPF77BCJ4","คลังความรู้ Prajan: วิดีโอ หัวข้อ ""🔒 ลดความเสี่ยงข้อมูลรั่วไหล… โดยไม่ต้องแก้ระบบหลังบ้าน"" สำหรับใช้ค้นหาและอ้างอิงเมื่อลูกค้าถามเรื่องที่เกี่ยวข้อง","Security, Cybersecurity, Data Protection","sec01","sec"
"AllVideo","2","IDC สำคัญกับ SMEs เราอย่างไร","https://www.youtube.com/watch?v=coqjsdDsbUU","คลังความรู้ Prajan: วิดีโอ หัวข้อ ""IDC สำคัญกับ SMEs เราอย่างไร"" สำหรับใช้ค้นหาและอ้างอิงเมื่อลูกค้าถามเรื่องที่เกี่ยวข้อง","Prajan, Knowledge Base, Video Content","pdpa01","pdpa"
"AllVideo","3","🎯 DPO ไม่ต้องทำงานคนเดียวอีกต่อไป!","https://www.youtube.com/watch?v=VgDym4qiVNk","คลังความรู้ Prajan: วิดีโอ หัวข้อ ""🎯 DPO ไม่ต้องทำงานคนเดียวอีกต่อไป!"" สำหรับใช้ค้นหาและอ้างอิงเมื่อลูกค้าถามเรื่องที่เกี่ยวข้อง","DPO, ผู้ควบคุมข้อมูล","dpo01","dpo"
"AllVideo","4","การโจมตีโรงไฟฟ้าในยูเครนปี 2015","https://www.youtube.com/watch?v=lxj3KOweeVE","คลังความรู้ Prajan: วิดีโอ หัวข้อ ""การโจมตีโรงไฟฟ้าในยูเครนปี 2015"" สำหรับใช้ค้นหาและอ้างอิงเมื่อลูกค้าถามเรื่องที่เกี่ยวข้อง","Security, Cybersecurity, Data Protection","sec02","sec"
"AllVideo","5","Wannacry มัลแวร์ Ransomware เรียกค่าไถ่ ทำไงดี ตอบ ทำอะไรไม่ได้ถ้าโดนไปแล้ว จริงหรือ ??","https://www.youtube.com/watch?v=gUt9i6yZL0U","คลังความรู้ Prajan: วิดีโอ หัวข้อ ""Wannacry มัลแวร์ Ransomware เรียกค่าไถ่ ทำไงดี ตอบ ทำอะไรไม่ได้ถ้าโดนไปแล้ว จริงหรือ ??"" สำหรับใช้ค้นหาและอ้างอิงเมื่อลูกค้าถามเรื่องที่เกี่ยวข้อง","Security, Cybersecurity, Data Protection","sec03","sec"
"AllVideo","6","เรียน Cyber Security เรียนแบบโจร รูปแบบ #cybersecurity","https://www.youtube.com/watch?v=3Alkb28nLOM","คลังความรู้ Prajan: วิดีโอ หัวข้อ ""เรียน Cyber Security เรียนแบบโจร รูปแบบ #cybersecurity"" สำหรับใช้ค้นหาและอ้างอิงเมื่อลูกค้าถามเรื่องที่เกี่ยวข้อง","Security, Cybersecurity, Data Protection","sec04","sec"
"AllVideo","7","หน่วยงานไม่มั่นใจว่าทำ PDPA ครบหรือไม่  #pdpa","https://www.youtube.com/watch?v=8fUYqD2jYq8","คลังความรู้ Prajan: วิดีโอ หัวข้อ ""หน่วยงานไม่มั่นใจว่าทำ PDPA ครบหรือไม่  #pdpa"" สำหรับใช้ค้นหาและอ้างอิงเมื่อลูกค้าถามเรื่องที่เกี่ยวข้อง","PDPA, ข้อมูลส่วนบุคคล, Privacy","pdpa02","pdpa"
"AllVideo","8","แนวทางทำPDPA 10 ด้านสอดคล้องกับมาตรฐานPDPA   Privacy Maturity Model","https://www.youtube.com/watch?v=l4nXHqeoV00","คลังความรู้ Prajan: วิดีโอ หัวข้อ ""แนวทางทำPDPA 10 ด้านสอดคล้องกับมาตรฐานPDPA   Privacy Maturity Model"" สำหรับใช้ค้นหาและอ้างอิงเมื่อลูกค้าถามเรื่องที่เกี่ยวข้อง","PDPA, ข้อมูลส่วนบุคคล, Privacy","pdpa03","pdpa"
"AllVideo","9","❤️อบรม PDPA ภาคปฏิบัติ มหาวิทยาลัยเทคโนโลยีมหานคร (อบรม Online)  วันที่ 21 มีนาคม 2568 #pdpa","https://www.youtube.com/watch?v=3pdYibLcXsA","คลังความรู้ Prajan: วิดีโอ หัวข้อ ""❤️อบรม PDPA ภาคปฏิบัติ มหาวิทยาลัยเทคโนโลยีมหานคร (อบรม Online)  วันที่ 21 มีนาคม 2568 #pdpa"" สำหรับใช้ค้นหาและอ้างอิงเมื่อลูกค้าถามเรื่องที่เกี่ยวข้อง","PDPA, ข้อมูลส่วนบุคคล, Privacy, Training, Workshop","train01","train"
"AllVideo","10","รู้หรือไม่? กฎหมายไทย 4 ฉบับนี้ ช่วยเสริมความแข็งแกร่งด้าน Cybersecurity ให้กับองค์กรของคุณ","https://www.youtube.com/watch?v=JJ6L_AK7Fxo","คลังความรู้ Prajan: วิดีโอ หัวข้อ ""รู้หรือไม่? กฎหมายไทย 4 ฉบับนี้ ช่วยเสริมความแข็งแกร่งด้าน Cybersecurity ให้กับองค์กรของคุณ"" สำหรับใช้ค้นหาและอ้างอิงเมื่อลูกค้าถามเรื่องที่เกี่ยวข้อง","Security, Cybersecurity, Data Protection, Compliance, กฎหมาย","sec05","sec"
"AllVideo","11","PDPA กวนใจ? 🤔 ให้คุณคูณ (Kunkoon) AI ช่วยสิ!","https://www.youtube.com/watch?v=3177Bz2-244","คลังความรู้ Prajan: วิดีโอ หัวข้อ ""PDPA กวนใจ? 🤔 ให้คุณคูณ (Kunkoon) AI ช่วยสิ!"" สำหรับใช้ค้นหาและอ้างอิงเมื่อลูกค้าถามเรื่องที่เกี่ยวข้อง","PDPA, ข้อมูลส่วนบุคคล, Privacy, AI, Automation","ai01","ai"
"AllVideo","12","ตัวอย่างการทำระบบ PDPA ผ่าน Application PDPA","https://www.youtube.com/watch?v=-X-OldpR2FI","คลังความรู้ Prajan: วิดีโอ หัวข้อ ""ตัวอย่างการทำระบบ PDPA ผ่าน Application PDPA"" สำหรับใช้ค้นหาและอ้างอิงเมื่อลูกค้าถามเรื่องที่เกี่ยวข้อง","PDPA, ข้อมูลส่วนบุคคล, Privacy","pdpa04","pdpa"
"AllVideo","13","เริ่มต้นทำ PDPA แบบ EASY E-Receipt","https://www.youtube.com/watch?v=pijzNV5iUBQ","คลังความรู้ Prajan: วิดีโอ หัวข้อ ""เริ่มต้นทำ PDPA แบบ EASY E-Receipt"" สำหรับใช้ค้นหาและอ้างอิงเมื่อลูกค้าถามเรื่องที่เกี่ยวข้อง","PDPA, ข้อมูลส่วนบุคคล, Privacy","pdpa05","pdpa"
"AllVideo","14","🇨🇳💰 在泰国合法交易加密货币！🇺🇸💰 Legally trade cryptocurrency in Thailand!","https://www.youtube.com/watch?v=QdzzbwA75Sg","คลังความรู้ Prajan: วิดีโอ หัวข้อ ""🇨🇳💰 在泰国合法交易加密货币！🇺🇸💰 Legally trade cryptocurrency in Thailand!"" สำหรับใช้ค้นหาและอ้างอิงเมื่อลูกค้าถามเรื่องที่เกี่ยวข้อง","Prajan, Knowledge Base, Video Content","pdpa06","pdpa"
"AllVideo","15","มุกใหม่ๆของ CallCenter เกิดจาก AI (Zero Day ATTACK)","https://www.youtube.com/watch?v=xiikQuimTEw","คลังความรู้ Prajan: วิดีโอ หัวข้อ ""มุกใหม่ๆของ CallCenter เกิดจาก AI (Zero Day ATTACK)"" สำหรับใช้ค้นหาและอ้างอิงเมื่อลูกค้าถามเรื่องที่เกี่ยวข้อง","AI, Automation","ai02","ai"
"AllVideo","16","การมาของ AI Agent เกี่ยวกับ PDPA #pdpa #cybersecurity","https://www.youtube.com/watch?v=6DcpmVe7BaU","คลังความรู้ Prajan: วิดีโอ หัวข้อ ""การมาของ AI Agent เกี่ยวกับ PDPA #pdpa #cybersecurity"" สำหรับใช้ค้นหาและอ้างอิงเมื่อลูกค้าถามเรื่องที่เกี่ยวข้อง","PDPA, ข้อมูลส่วนบุคคล, Privacy, Security, Cybersecurity, Data Protection, AI, Automation","ai03","ai"
"AllVideo","17","❤️ตอบปัญหาการเข้าเป็นพันธมิตรกับเรา  ตอบปัญหา  EP_4 AI มาเราต้องปรับตัว","https://www.youtube.com/watch?v=qMtK3dPXgz0","คลังความรู้ Prajan: วิดีโอ หัวข้อ ""❤️ตอบปัญหาการเข้าเป็นพันธมิตรกับเรา  ตอบปัญหา  EP_4 AI มาเราต้องปรับตัว"" สำหรับใช้ค้นหาและอ้างอิงเมื่อลูกค้าถามเรื่องที่เกี่ยวข้อง","AI, Automation","ai04","ai"
"AllVideo","18","การโจมตีแบบ Zero Day คือ การโจมตีที่พบช่องโหว่แต่ยังไม่ update #pdpa","https://www.youtube.com/watch?v=qWO6jHSwdP4","คลังความรู้ Prajan: วิดีโอ หัวข้อ ""การโจมตีแบบ Zero Day คือ การโจมตีที่พบช่องโหว่แต่ยังไม่ update #pdpa"" สำหรับใช้ค้นหาและอ้างอิงเมื่อลูกค้าถามเรื่องที่เกี่ยวข้อง","PDPA, ข้อมูลส่วนบุคคล, Privacy, Security, Cybersecurity, Data Protection","sec06","sec"
"AllVideo","19","❤️ตอบปัญหาการเข้าเป็นพันธมิตรกับเรา  EP_3 การทำงานร่วมพันธมิตร  #pdpa","https://www.youtube.com/watch?v=iBmazHFCzDQ","คลังความรู้ Prajan: วิดีโอ หัวข้อ ""❤️ตอบปัญหาการเข้าเป็นพันธมิตรกับเรา  EP_3 การทำงานร่วมพันธมิตร  #pdpa"" สำหรับใช้ค้นหาและอ้างอิงเมื่อลูกค้าถามเรื่องที่เกี่ยวข้อง","PDPA, ข้อมูลส่วนบุคคล, Privacy","pdpa07","pdpa"
"AllVideo","20","❤️ตอบปัญหาการเข้าเป็นพันธมิตรกับเรา  EP_3 การทำงานร่วมพันธมิตร","https://www.youtube.com/watch?v=R4aT_bY3OSU","คลังความรู้ Prajan: วิดีโอ หัวข้อ ""❤️ตอบปัญหาการเข้าเป็นพันธมิตรกับเรา  EP_3 การทำงานร่วมพันธมิตร"" สำหรับใช้ค้นหาและอ้างอิงเมื่อลูกค้าถามเรื่องที่เกี่ยวข้อง","Prajan, Knowledge Base, Video Content","pdpa08","pdpa"
"AllVideo","21","❤️ตอบปัญหาการเข้าเป็นพันธมิตรกับเรา   EP_2 เราไม่เอาข้อมูลไปแอบอ้าง","https://www.youtube.com/watch?v=O6IJqgMMkNg","คลังความรู้ Prajan: วิดีโอ หัวข้อ ""❤️ตอบปัญหาการเข้าเป็นพันธมิตรกับเรา   EP_2 เราไม่เอาข้อมูลไปแอบอ้าง"" สำหรับใช้ค้นหาและอ้างอิงเมื่อลูกค้าถามเรื่องที่เกี่ยวข้อง","Prajan, Knowledge Base, Video Content","pdpa09","pdpa"
"AllVideo","22","ตอบปัญหา  EP_1 วัตถุประสงค์ของโครงการพันธมิตร DPO กับเรา","https://www.youtube.com/watch?v=20LOQkthv2w","คลังความรู้ Prajan: วิดีโอ หัวข้อ ""ตอบปัญหา  EP_1 วัตถุประสงค์ของโครงการพันธมิตร DPO กับเรา"" สำหรับใช้ค้นหาและอ้างอิงเมื่อลูกค้าถามเรื่องที่เกี่ยวข้อง","DPO, ผู้ควบคุมข้อมูล","dpo02","dpo"
"AllVideo","23","เซ็น MOU เพื่อไปหลอกลวงนักธุรกิจชาติเดียวกัน #pdpa","https://www.youtube.com/watch?v=HFKUx1aJQOw","คลังความรู้ Prajan: วิดีโอ หัวข้อ ""เซ็น MOU เพื่อไปหลอกลวงนักธุรกิจชาติเดียวกัน #pdpa"" สำหรับใช้ค้นหาและอ้างอิงเมื่อลูกค้าถามเรื่องที่เกี่ยวข้อง","PDPA, ข้อมูลส่วนบุคคล, Privacy","pdpa10","pdpa"
"AllVideo","24","ความโปร่งใส (Transparency)  การทำประกาศแจ้งเตือน ตามบันทึกรายการกิจกรรม","https://www.youtube.com/watch?v=flpRUByFEmM","คลังความรู้ Prajan: วิดีโอ หัวข้อ ""ความโปร่งใส (Transparency)  การทำประกาศแจ้งเตือน ตามบันทึกรายการกิจกรรม"" สำหรับใช้ค้นหาและอ้างอิงเมื่อลูกค้าถามเรื่องที่เกี่ยวข้อง","Consent, Cookie, Privacy Notice","consent01","consent"
"AllVideo","25","Individuals' Rights (สิทธิของเจ้าของข้อมูลส่วนบุคคล)","https://www.youtube.com/watch?v=G2Osvillbi4","คลังความรู้ Prajan: วิดีโอ หัวข้อ ""Individuals' Rights (สิทธิของเจ้าของข้อมูลส่วนบุคคล)"" สำหรับใช้ค้นหาและอ้างอิงเมื่อลูกค้าถามเรื่องที่เกี่ยวข้อง","PDPA, ข้อมูลส่วนบุคคล, Privacy","pdpa11","pdpa"
"AllVideo","26","การอบรม ของเราสอดคล้องกับเกณฑ์ที่สำนักงานคณะกรรมการคุ้มครองข้อมูลส่วนบุคคลกำหนด","https://www.youtube.com/watch?v=bNGjtt75biI","คลังความรู้ Prajan: วิดีโอ หัวข้อ ""การอบรม ของเราสอดคล้องกับเกณฑ์ที่สำนักงานคณะกรรมการคุ้มครองข้อมูลส่วนบุคคลกำหนด"" สำหรับใช้ค้นหาและอ้างอิงเมื่อลูกค้าถามเรื่องที่เกี่ยวข้อง","PDPA, ข้อมูลส่วนบุคคล, Privacy, Training, Workshop","train02","train"
"AllVideo","27","การTraining and awareness การอบรมและการสร้างความตระหนัก","https://www.youtube.com/watch?v=htUzxe0EtGw","คลังความรู้ Prajan: วิดีโอ หัวข้อ ""การTraining and awareness การอบรมและการสร้างความตระหนัก"" สำหรับใช้ค้นหาและอ้างอิงเมื่อลูกค้าถามเรื่องที่เกี่ยวข้อง","Training, Workshop","train03","train"
"AllVideo","28","การปฏิบัติงานจริง Poliy and Procedures นโยบายและแนวปฏิบัติ","https://www.youtube.com/watch?v=ER4-VK2pc9Y","คลังความรู้ Prajan: วิดีโอ หัวข้อ ""การปฏิบัติงานจริง Poliy and Procedures นโยบายและแนวปฏิบัติ"" สำหรับใช้ค้นหาและอ้างอิงเมื่อลูกค้าถามเรื่องที่เกี่ยวข้อง","เอกสาร PDPA, Policy","pdpa12","pdpa"
"AllVideo","29","Oversight กำกับดูแลคุ้มครองข้อมูลส่วนบุคคล","https://www.youtube.com/watch?v=benjYEM63UI","คลังความรู้ Prajan: วิดีโอ หัวข้อ ""Oversight กำกับดูแลคุ้มครองข้อมูลส่วนบุคคล"" สำหรับใช้ค้นหาและอ้างอิงเมื่อลูกค้าถามเรื่องที่เกี่ยวข้อง","PDPA, ข้อมูลส่วนบุคคล, Privacy","pdpa13","pdpa"
"AllVideo","30","โครงการ “ยกระดับภาคธุรกิจเพื่อป้องกันและรับมือภัยคุกคามทางไซเบอร์” #pdpa","https://www.youtube.com/watch?v=J3q9TkS0nZs","คลังความรู้ Prajan: วิดีโอ หัวข้อ ""โครงการ “ยกระดับภาคธุรกิจเพื่อป้องกันและรับมือภัยคุกคามทางไซเบอร์” #pdpa"" สำหรับใช้ค้นหาและอ้างอิงเมื่อลูกค้าถามเรื่องที่เกี่ยวข้อง","PDPA, ข้อมูลส่วนบุคคล, Privacy","pdpa14","pdpa"
"AllVideo","31","รองรับการเปลี่ยนแปลงในยุค Digital Transformation & AI &Office Automation #pdpa #cybersecurity","https://www.youtube.com/watch?v=kUbgIyQ24w0","คลังความรู้ Prajan: วิดีโอ หัวข้อ ""รองรับการเปลี่ยนแปลงในยุค Digital Transformation & AI &Office Automation #pdpa #cybersecurity"" สำหรับใช้ค้นหาและอ้างอิงเมื่อลูกค้าถามเรื่องที่เกี่ยวข้อง","PDPA, ข้อมูลส่วนบุคคล, Privacy, Security, Cybersecurity, Data Protection, AI, Automation","ai05","ai"
"AllVideo","32","อบรม PDPA ครบวงจร สู่ความมั่นคงปลอดภัยของข้อมูลส่วนบุคคล 🌟","https://www.youtube.com/watch?v=wTZLvLqbSTw","คลังความรู้ Prajan: วิดีโอ หัวข้อ ""อบรม PDPA ครบวงจร สู่ความมั่นคงปลอดภัยของข้อมูลส่วนบุคคล 🌟"" สำหรับใช้ค้นหาและอ้างอิงเมื่อลูกค้าถามเรื่องที่เกี่ยวข้อง","PDPA, ข้อมูลส่วนบุคคล, Privacy, Training, Workshop","train04","train"
"AllVideo","33","Game Change: ยกระดับมาตรฐาน Security ประเทศไทยด้วย PDPA สู่มาตรฐานระดับโลก","https://www.youtube.com/watch?v=kzGLxdGfRY4","คลังความรู้ Prajan: วิดีโอ หัวข้อ ""Game Change: ยกระดับมาตรฐาน Security ประเทศไทยด้วย PDPA สู่มาตรฐานระดับโลก"" สำหรับใช้ค้นหาและอ้างอิงเมื่อลูกค้าถามเรื่องที่เกี่ยวข้อง","PDPA, ข้อมูลส่วนบุคคล, Privacy, Security, Cybersecurity, Data Protection","sec07","sec"
"AllVideo","34","ตอนนี้หลายหน่วยงานภาครัฐแหน่วยงานกำกับดูแล (Regulator)กำลังจะมีระเบียบใหม่เรื่องCyber Security","https://www.youtube.com/watch?v=PFArzZMQovQ","คลังความรู้ Prajan: วิดีโอ หัวข้อ ""ตอนนี้หลายหน่วยงานภาครัฐแหน่วยงานกำกับดูแล (Regulator)กำลังจะมีระเบียบใหม่เรื่องCyber Security"" สำหรับใช้ค้นหาและอ้างอิงเมื่อลูกค้าถามเรื่องที่เกี่ยวข้อง","Security, Cybersecurity, Data Protection","sec08","sec"
"AllVideo","35","""ท้ายสุดแล้ว...คุณทำ PDPA เพื่ออะไร?"" #pdpa","https://www.youtube.com/watch?v=9B1JmIcgdjk","คลังความรู้ Prajan: วิดีโอ หัวข้อ """"ท้ายสุดแล้ว...คุณทำ PDPA เพื่ออะไร?"" #pdpa"" สำหรับใช้ค้นหาและอ้างอิงเมื่อลูกค้าถามเรื่องที่เกี่ยวข้อง","PDPA, ข้อมูลส่วนบุคคล, Privacy","pdpa15","pdpa"
"AllVideo","36","“อย่าพึ่งลงทำ PDPA ถ้ายังไม่ลองถาม SGC!”ก่อนจะลงทุนทำ PDPA #pdpa","https://www.youtube.com/watch?v=_Y4u_uQwHC4","คลังความรู้ Prajan: วิดีโอ หัวข้อ ""“อย่าพึ่งลงทำ PDPA ถ้ายังไม่ลองถาม SGC!”ก่อนจะลงทุนทำ PDPA #pdpa"" สำหรับใช้ค้นหาและอ้างอิงเมื่อลูกค้าถามเรื่องที่เกี่ยวข้อง","PDPA, ข้อมูลส่วนบุคคล, Privacy","pdpa16","pdpa"
"AllVideo","37","🎉แนวโน้มปี 2568 – กูรูแนะนำ: ต้องทำให้พร้อม! #pdpa #cybersecurity","https://www.youtube.com/watch?v=pGiGAjiFMMk","คลังความรู้ Prajan: วิดีโอ หัวข้อ ""🎉แนวโน้มปี 2568 – กูรูแนะนำ: ต้องทำให้พร้อม! #pdpa #cybersecurity"" สำหรับใช้ค้นหาและอ้างอิงเมื่อลูกค้าถามเรื่องที่เกี่ยวข้อง","PDPA, ข้อมูลส่วนบุคคล, Privacy, Security, Cybersecurity, Data Protection","sec09","sec"
"AllVideo","38","""อยู่ดี ๆ ก็ซวย!""ชื่อหน่วยงานถูกนำไปแอบอ้างใช้หลอกประชาชน","https://www.youtube.com/watch?v=_AxttCJF4k0","คลังความรู้ Prajan: วิดีโอ หัวข้อ """"อยู่ดี ๆ ก็ซวย!""ชื่อหน่วยงานถูกนำไปแอบอ้างใช้หลอกประชาชน"" สำหรับใช้ค้นหาและอ้างอิงเมื่อลูกค้าถามเรื่องที่เกี่ยวข้อง","Prajan, Knowledge Base, Video Content","pdpa17","pdpa"
"AllVideo","39","💻 ปกป้ององค์กรของคุณจาก ภัย Cyber และ แก๊ง Call Center ด้วยมาตรฐาน PDPA","https://www.youtube.com/watch?v=IK0vk6fEtQY","คลังความรู้ Prajan: วิดีโอ หัวข้อ ""💻 ปกป้ององค์กรของคุณจาก ภัย Cyber และ แก๊ง Call Center ด้วยมาตรฐาน PDPA"" สำหรับใช้ค้นหาและอ้างอิงเมื่อลูกค้าถามเรื่องที่เกี่ยวข้อง","PDPA, ข้อมูลส่วนบุคคล, Privacy, Security, Cybersecurity, Data Protection","sec10","sec"
"AllVideo","40","สร้างมาตรฐาน PDPA = ตัดวงจรภัย Call Center","https://www.youtube.com/watch?v=y3CzHbpNPpI","คลังความรู้ Prajan: วิดีโอ หัวข้อ ""สร้างมาตรฐาน PDPA = ตัดวงจรภัย Call Center"" สำหรับใช้ค้นหาและอ้างอิงเมื่อลูกค้าถามเรื่องที่เกี่ยวข้อง","PDPA, ข้อมูลส่วนบุคคล, Privacy","pdpa18","pdpa"
"AllVideo","41","👻เพกาซัส (Pegasus) เป็นซอฟต์แวร์สปายแวร์ (Spyware)","https://www.youtube.com/watch?v=5qPXM5TCXwA","คลังความรู้ Prajan: วิดีโอ หัวข้อ ""👻เพกาซัส (Pegasus) เป็นซอฟต์แวร์สปายแวร์ (Spyware)"" สำหรับใช้ค้นหาและอ้างอิงเมื่อลูกค้าถามเรื่องที่เกี่ยวข้อง","Prajan, Knowledge Base, Video Content","pdpa19","pdpa"
"AllVideo","42","🎙️: ""ถ้าข้อมูลลูกค้าของคุณหลุดไป คุณจะทำยังไง? 😱 อย่าปล่อยให้ข้อมูลขององค์กรตกอยู่ในมือของคนผิด!""","https://www.youtube.com/watch?v=HJHjli-SG58","คลังความรู้ Prajan: วิดีโอ หัวข้อ ""🎙️: ""ถ้าข้อมูลลูกค้าของคุณหลุดไป คุณจะทำยังไง? 😱 อย่าปล่อยให้ข้อมูลขององค์กรตกอยู่ในมือของคนผิด!"""" สำหรับใช้ค้นหาและอ้างอิงเมื่อลูกค้าถามเรื่องที่เกี่ยวข้อง","Prajan, Knowledge Base, Video Content","pdpa20","pdpa"
"AllVideo","43","🎙️: ""ข้อมูลรั่วไหล = ความเสียหายมหาศาล! แต่คุณรู้ไหมว่าเหตุการณ์นี้ป้องกันได้?""","https://www.youtube.com/watch?v=lP5JqY_JNZY","คลังความรู้ Prajan: วิดีโอ หัวข้อ ""🎙️: ""ข้อมูลรั่วไหล = ความเสียหายมหาศาล! แต่คุณรู้ไหมว่าเหตุการณ์นี้ป้องกันได้?"""" สำหรับใช้ค้นหาและอ้างอิงเมื่อลูกค้าถามเรื่องที่เกี่ยวข้อง","Security, Cybersecurity, Data Protection","sec11","sec"
"AllVideo","44","ทำไมธุรกิจถึงควรมี Trustmark PDPAช่วยเพิ่มความน่าเชื่อถือ  #PDPACompliance  #prohibiteditems","https://www.youtube.com/watch?v=YvJd9rHX1qg","คลังความรู้ Prajan: วิดีโอ หัวข้อ ""ทำไมธุรกิจถึงควรมี Trustmark PDPAช่วยเพิ่มความน่าเชื่อถือ  #PDPACompliance  #prohibiteditems"" สำหรับใช้ค้นหาและอ้างอิงเมื่อลูกค้าถามเรื่องที่เกี่ยวข้อง","PDPA, ข้อมูลส่วนบุคคล, Privacy, Compliance, กฎหมาย, Trustmark PDPA, Certification","train05","train"
"AllVideo","45","ประโยชน์ของ Trustmark PDPAความโปร่งใส เพิ่มความเชื่อมั่นในธุรกิจ #PDPA #Trustmark #ธุรกิจยั่งยืน","https://www.youtube.com/watch?v=xZoIMt713S4","คลังความรู้ Prajan: วิดีโอ หัวข้อ ""ประโยชน์ของ Trustmark PDPAความโปร่งใส เพิ่มความเชื่อมั่นในธุรกิจ #PDPA #Trustmark #ธุรกิจยั่งยืน"" สำหรับใช้ค้นหาและอ้างอิงเมื่อลูกค้าถามเรื่องที่เกี่ยวข้อง","PDPA, ข้อมูลส่วนบุคคล, Privacy, Trustmark PDPA, Certification","train06","train"
"AllVideo","46","เอกสารที่ต้องเตรียมสำหรับ Trustmark PDPAเช็คลิสต์เอกสารที่จำเป็นในการยื่นขอ Trustmark PDPA #PDPA","https://www.youtube.com/watch?v=p8yCX3UhDLA","คลังความรู้ Prajan: วิดีโอ หัวข้อ ""เอกสารที่ต้องเตรียมสำหรับ Trustmark PDPAเช็คลิสต์เอกสารที่จำเป็นในการยื่นขอ Trustmark PDPA #PDPA"" สำหรับใช้ค้นหาและอ้างอิงเมื่อลูกค้าถามเรื่องที่เกี่ยวข้อง","PDPA, ข้อมูลส่วนบุคคล, Privacy, Trustmark PDPA, Certification, เอกสาร PDPA, Policy","train07","train"
"AllVideo","47","ขั้นตอนการขอ Trustmark PDPA #PDPACompliance #Trustmark #dataprotection","https://www.youtube.com/watch?v=FklY6t_IjSU","คลังความรู้ Prajan: วิดีโอ หัวข้อ ""ขั้นตอนการขอ Trustmark PDPA #PDPACompliance #Trustmark #dataprotection"" สำหรับใช้ค้นหาและอ้างอิงเมื่อลูกค้าถามเรื่องที่เกี่ยวข้อง","PDPA, ข้อมูลส่วนบุคคล, Privacy, Compliance, กฎหมาย, Trustmark PDPA, Certification","train08","train"
"AllVideo","48","Yeepeng International 2024","https://www.youtube.com/watch?v=H3O_M639VAg","คลังความรู้ Prajan: วิดีโอ หัวข้อ ""Yeepeng International 2024"" สำหรับใช้ค้นหาและอ้างอิงเมื่อลูกค้าถามเรื่องที่เกี่ยวข้อง","Prajan, Knowledge Base, Video Content","pdpa21","pdpa"
"AllVideo","49","📢 ข่าวสำคัญ! หน่วยงานรัฐเร่งผลักดันการปฏิบัติตาม PDPA และ พ.ร.บ.ไซเบอร์  #trustmarkpdpa","https://www.youtube.com/watch?v=dmYXNKVO6f0","คลังความรู้ Prajan: วิดีโอ หัวข้อ ""📢 ข่าวสำคัญ! หน่วยงานรัฐเร่งผลักดันการปฏิบัติตาม PDPA และ พ.ร.บ.ไซเบอร์  #trustmarkpdpa"" สำหรับใช้ค้นหาและอ้างอิงเมื่อลูกค้าถามเรื่องที่เกี่ยวข้อง","PDPA, ข้อมูลส่วนบุคคล, Privacy, Trustmark PDPA, Certification","train09","train"
"AllVideo","50","""รับรองมาตรฐาน PDPA พร้อม Trustmark!""","https://www.youtube.com/watch?v=N_GSQe7Cd5E","คลังความรู้ Prajan: วิดีโอ หัวข้อ """"รับรองมาตรฐาน PDPA พร้อม Trustmark!"""" สำหรับใช้ค้นหาและอ้างอิงเมื่อลูกค้าถามเรื่องที่เกี่ยวข้อง","PDPA, ข้อมูลส่วนบุคคล, Privacy, Trustmark PDPA, Certification","train10","train"
"AllVideo","51","Yeepeng International Prohibited Item /Not Allow","https://www.youtube.com/watch?v=3Rbl5FsTB2M","คลังความรู้ Prajan: วิดีโอ หัวข้อ ""Yeepeng International Prohibited Item /Not Allow"" สำหรับใช้ค้นหาและอ้างอิงเมื่อลูกค้าถามเรื่องที่เกี่ยวข้อง","Prajan, Knowledge Base, Video Content","pdpa22","pdpa"
"AllVideo","52","ทำอย่างไรหน่วยงานถูกแอบอ้างทำอย่างไร","https://www.youtube.com/watch?v=lHY8wMZA0Ko","คลังความรู้ Prajan: วิดีโอ หัวข้อ ""ทำอย่างไรหน่วยงานถูกแอบอ้างทำอย่างไร"" สำหรับใช้ค้นหาและอ้างอิงเมื่อลูกค้าถามเรื่องที่เกี่ยวข้อง","Prajan, Knowledge Base, Video Content","pdpa23","pdpa"
"AllVideo","53","ระบบPOS สำหรับขายสินค้าอื่นๆพร้อมกับการบริการซักอบรีด เพิ่มรายได้จบในที่เดียว","https://www.youtube.com/watch?v=qwjtUaOMccY","คลังความรู้ Prajan: วิดีโอ หัวข้อ ""ระบบPOS สำหรับขายสินค้าอื่นๆพร้อมกับการบริการซักอบรีด เพิ่มรายได้จบในที่เดียว"" สำหรับใช้ค้นหาและอ้างอิงเมื่อลูกค้าถามเรื่องที่เกี่ยวข้อง","บริการ, Consulting","svc01","svc"
"AllVideo","54","การสร้างระบบการสื่อ SMS สารอัตโนมัติสำหรับให้ลูกค้ารู้สึกถึงความใส่ใจรายละเอียด","https://www.youtube.com/watch?v=DyvzY6FOpIo","คลังความรู้ Prajan: วิดีโอ หัวข้อ ""การสร้างระบบการสื่อ SMS สารอัตโนมัติสำหรับให้ลูกค้ารู้สึกถึงความใส่ใจรายละเอียด"" สำหรับใช้ค้นหาและอ้างอิงเมื่อลูกค้าถามเรื่องที่เกี่ยวข้อง","AI, Automation","ai06","ai"
"AllVideo","55","ระบบโปรโมชั่น เพื่อสร้าง brand royalty สำหรับลูกค้ารู้สึกถึงความพิเศษความใส่ใจและความมีน้ำใจของร้าน","https://www.youtube.com/watch?v=8HiqjCtqaiU","คลังความรู้ Prajan: วิดีโอ หัวข้อ ""ระบบโปรโมชั่น เพื่อสร้าง brand royalty สำหรับลูกค้ารู้สึกถึงความพิเศษความใส่ใจและความมีน้ำใจของร้าน"" สำหรับใช้ค้นหาและอ้างอิงเมื่อลูกค้าถามเรื่องที่เกี่ยวข้อง","Prajan, Knowledge Base, Video Content","pdpa24","pdpa"
"AllVideo","56","การจัดเก็บข้อมูลลูกค้าและประวัติของผ้าพร้อมความรู้สึกของลูกค้าเท่าเทียมกัน","https://www.youtube.com/watch?v=oSHfcgqMqII","คลังความรู้ Prajan: วิดีโอ หัวข้อ ""การจัดเก็บข้อมูลลูกค้าและประวัติของผ้าพร้อมความรู้สึกของลูกค้าเท่าเทียมกัน"" สำหรับใช้ค้นหาและอ้างอิงเมื่อลูกค้าถามเรื่องที่เกี่ยวข้อง","Prajan, Knowledge Base, Video Content","pdpa25","pdpa"
"AllVideo","57","การกำหนดกำลังการผลิตซักอบรีดผ้าการวางแผนอย่างรอบคอบช่วยให้งานออกมาเป็นระบบ Premium มากขึ้น","https://www.youtube.com/watch?v=vyQlN4WdAeU","คลังความรู้ Prajan: วิดีโอ หัวข้อ ""การกำหนดกำลังการผลิตซักอบรีดผ้าการวางแผนอย่างรอบคอบช่วยให้งานออกมาเป็นระบบ Premium มากขึ้น"" สำหรับใช้ค้นหาและอ้างอิงเมื่อลูกค้าถามเรื่องที่เกี่ยวข้อง","Prajan, Knowledge Base, Video Content","pdpa26","pdpa"
"AllVideo","58","การกำหนดราคา  ปลดปล่อยความยุ่งยากในอดีต ความรู้สามารถถ่ายทอดได้โดยง่ายผ่านระบบคอมพิวเตอร์","https://www.youtube.com/watch?v=CLoplHn4j8g","คลังความรู้ Prajan: วิดีโอ หัวข้อ ""การกำหนดราคา  ปลดปล่อยความยุ่งยากในอดีต ความรู้สามารถถ่ายทอดได้โดยง่ายผ่านระบบคอมพิวเตอร์"" สำหรับใช้ค้นหาและอ้างอิงเมื่อลูกค้าถามเรื่องที่เกี่ยวข้อง","Prajan, Knowledge Base, Video Content","pdpa27","pdpa"
"AllVideo","59","คุณรู้หรือไม่ว่า 90% ของเว็บไซต์ในประเทศไทยยังทำผิด PDPA? 😱#PDPACompliance  #Cybersecurity","https://www.youtube.com/watch?v=zRYWqCdic1E","คลังความรู้ Prajan: วิดีโอ หัวข้อ ""คุณรู้หรือไม่ว่า 90% ของเว็บไซต์ในประเทศไทยยังทำผิด PDPA? 😱#PDPACompliance  #Cybersecurity"" สำหรับใช้ค้นหาและอ้างอิงเมื่อลูกค้าถามเรื่องที่เกี่ยวข้อง","PDPA, ข้อมูลส่วนบุคคล, Privacy, Security, Cybersecurity, Data Protection, Compliance, กฎหมาย","sec12","sec"
"AllVideo","60","กรณี ศึกษาการแจ้งละเมิด จากหน่วยราชการ","https://www.youtube.com/watch?v=9PHeqq6MsZc","คลังความรู้ Prajan: วิดีโอ หัวข้อ ""กรณี ศึกษาการแจ้งละเมิด จากหน่วยราชการ"" สำหรับใช้ค้นหาและอ้างอิงเมื่อลูกค้าถามเรื่องที่เกี่ยวข้อง","Prajan, Knowledge Base, Video Content","pdpa28","pdpa"
"AllVideo","61","🔐 เสริมเกราะป้องกันองค์กรของคุณด้วย ""Security Awareness"" จาก PDPACheck.com!","https://www.youtube.com/watch?v=wIVO4KBDjdY","คลังความรู้ Prajan: วิดีโอ หัวข้อ ""🔐 เสริมเกราะป้องกันองค์กรของคุณด้วย ""Security Awareness"" จาก PDPACheck.com!"" สำหรับใช้ค้นหาและอ้างอิงเมื่อลูกค้าถามเรื่องที่เกี่ยวข้อง","PDPA, ข้อมูลส่วนบุคคล, Privacy, Security, Cybersecurity, Data Protection","sec13","sec"
"AllVideo","62","🚨 โปรโมชั่นพิเศษ! บริการ PDPA Compliance ครบวงจร 🛡️✨","https://www.youtube.com/watch?v=-iO_RuZBLXw","คลังความรู้ Prajan: วิดีโอ หัวข้อ ""🚨 โปรโมชั่นพิเศษ! บริการ PDPA Compliance ครบวงจร 🛡️✨"" สำหรับใช้ค้นหาและอ้างอิงเมื่อลูกค้าถามเรื่องที่เกี่ยวข้อง","PDPA, ข้อมูลส่วนบุคคล, Privacy, บริการ, Consulting, Compliance, กฎหมาย","svc02","svc"
"AllVideo","63","✨ ทำ PDPA ด้วย AI จาก PDPACheck.com ง่ายๆ","https://www.youtube.com/watch?v=_R3QX7S9bi8","คลังความรู้ Prajan: วิดีโอ หัวข้อ ""✨ ทำ PDPA ด้วย AI จาก PDPACheck.com ง่ายๆ"" สำหรับใช้ค้นหาและอ้างอิงเมื่อลูกค้าถามเรื่องที่เกี่ยวข้อง","PDPA, ข้อมูลส่วนบุคคล, Privacy, AI, Automation","ai07","ai"
"AllVideo","64","✨ ทำ PDPA ด้วย AI จาก PDPACheck.com ง่ายๆ","https://www.youtube.com/watch?v=tHaYZyr92Hs","คลังความรู้ Prajan: วิดีโอ หัวข้อ ""✨ ทำ PDPA ด้วย AI จาก PDPACheck.com ง่ายๆ"" สำหรับใช้ค้นหาและอ้างอิงเมื่อลูกค้าถามเรื่องที่เกี่ยวข้อง","PDPA, ข้อมูลส่วนบุคคล, Privacy, AI, Automation","ai08","ai"
"AllVideo","65","ก็ทำ PDPA แล้ว ทำไมยังถูกปรับ?","https://www.youtube.com/watch?v=WTw2WDVDyyc","คลังความรู้ Prajan: วิดีโอ หัวข้อ ""ก็ทำ PDPA แล้ว ทำไมยังถูกปรับ?"" สำหรับใช้ค้นหาและอ้างอิงเมื่อลูกค้าถามเรื่องที่เกี่ยวข้อง","PDPA, ข้อมูลส่วนบุคคล, Privacy","pdpa29","pdpa"
"AllVideo","66","ทำไมไม่มีใครอยากทำ PDPA กฏหมายคุ้มครองข้อมูลส่วนบุคคล 🤔","https://www.youtube.com/watch?v=yUngMX9NvoU","คลังความรู้ Prajan: วิดีโอ หัวข้อ ""ทำไมไม่มีใครอยากทำ PDPA กฏหมายคุ้มครองข้อมูลส่วนบุคคล 🤔"" สำหรับใช้ค้นหาและอ้างอิงเมื่อลูกค้าถามเรื่องที่เกี่ยวข้อง","PDPA, ข้อมูลส่วนบุคคล, Privacy","pdpa30","pdpa"
"AllVideo","67","✨ เฉพาะสำหรับหน่วยงานที่ต้องการทำ PDPA ✨📚 การอบรมทำ PDPA ด้วยตนเองกับ🚫 ไม่เสียค่าใช้จ่าย🔴📝","https://www.youtube.com/watch?v=U000yvhIPTA","คลังความรู้ Prajan: วิดีโอ หัวข้อ ""✨ เฉพาะสำหรับหน่วยงานที่ต้องการทำ PDPA ✨📚 การอบรมทำ PDPA ด้วยตนเองกับ🚫 ไม่เสียค่าใช้จ่าย🔴📝"" สำหรับใช้ค้นหาและอ้างอิงเมื่อลูกค้าถามเรื่องที่เกี่ยวข้อง","PDPA, ข้อมูลส่วนบุคคล, Privacy, Training, Workshop","train11","train"
"AllVideo","68","🔒 ปกป้องข้อมูลสำคัญของคุณ: อย่าลืมเข้ารหัสไฟล์ก่อนส่งออกนอกบริษัท! 🔒 #pdpa #cybersecurity #pdpacheck","https://www.youtube.com/watch?v=5cxgj09q5K4","คลังความรู้ Prajan: วิดีโอ หัวข้อ ""🔒 ปกป้องข้อมูลสำคัญของคุณ: อย่าลืมเข้ารหัสไฟล์ก่อนส่งออกนอกบริษัท! 🔒 #pdpa #cybersecurity #pdpacheck"" สำหรับใช้ค้นหาและอ้างอิงเมื่อลูกค้าถามเรื่องที่เกี่ยวข้อง","PDPA, ข้อมูลส่วนบุคคล, Privacy, Security, Cybersecurity, Data Protection","sec14","sec"
"AllVideo","69","🍪 Cookie Consent: อนุญาต หรือ ปฏิเสธ? 🤔 #pdpa #cybersecurity #pdpacheck","https://www.youtube.com/watch?v=F9t6AWCzok4","คลังความรู้ Prajan: วิดีโอ หัวข้อ ""🍪 Cookie Consent: อนุญาต หรือ ปฏิเสธ? 🤔 #pdpa #cybersecurity #pdpacheck"" สำหรับใช้ค้นหาและอ้างอิงเมื่อลูกค้าถามเรื่องที่เกี่ยวข้อง","PDPA, ข้อมูลส่วนบุคคล, Privacy, Security, Cybersecurity, Data Protection, Consent, Cookie, Privacy Notice","consent02","consent"
"AllVideo","70","🔒 ปกป้องความเป็นส่วนตัวของคุณ: ลบ User ที่ไม่ใช้ใน PC ของคุณ! 🔒 #pdpa #cybersecurity #pdpacheck #sgc","https://www.youtube.com/watch?v=yLN9VHQnBDs","คลังความรู้ Prajan: วิดีโอ หัวข้อ ""🔒 ปกป้องความเป็นส่วนตัวของคุณ: ลบ User ที่ไม่ใช้ใน PC ของคุณ! 🔒 #pdpa #cybersecurity #pdpacheck #sgc"" สำหรับใช้ค้นหาและอ้างอิงเมื่อลูกค้าถามเรื่องที่เกี่ยวข้อง","PDPA, ข้อมูลส่วนบุคคล, Privacy, Security, Cybersecurity, Data Protection","sec15","sec"
"AllVideo","71","การสร้างประกาศ/แจ้งเตือน ด้วย AI","https://www.youtube.com/watch?v=IuDOMStOdmc","คลังความรู้ Prajan: วิดีโอ หัวข้อ ""การสร้างประกาศ/แจ้งเตือน ด้วย AI"" สำหรับใช้ค้นหาและอ้างอิงเมื่อลูกค้าถามเรื่องที่เกี่ยวข้อง","AI, Automation, Consent, Cookie, Privacy Notice","consent03","consent"
"AllVideo","72","การสร้างประกาศ/แจ้งเตือน ด้วย AI","https://www.youtube.com/watch?v=8ys9BNLOWEI","คลังความรู้ Prajan: วิดีโอ หัวข้อ ""การสร้างประกาศ/แจ้งเตือน ด้วย AI"" สำหรับใช้ค้นหาและอ้างอิงเมื่อลูกค้าถามเรื่องที่เกี่ยวข้อง","AI, Automation, Consent, Cookie, Privacy Notice","consent04","consent"
"AllVideo","73","PDPA ไม่ใช่เรื่องยากอีกต่อไป! ทำได้เองง่ายๆ ฟรี! ไม่มีค่าใช้จ่าย! 🚀","https://www.youtube.com/watch?v=DOK6v7ruJ08","คลังความรู้ Prajan: วิดีโอ หัวข้อ ""PDPA ไม่ใช่เรื่องยากอีกต่อไป! ทำได้เองง่ายๆ ฟรี! ไม่มีค่าใช้จ่าย! 🚀"" สำหรับใช้ค้นหาและอ้างอิงเมื่อลูกค้าถามเรื่องที่เกี่ยวข้อง","PDPA, ข้อมูลส่วนบุคคล, Privacy","pdpa31","pdpa"
"AllVideo","74","ภัยไซเบอร์แบบ MINT เข้าโจมตีคุณแล้วหรือยัง?","https://www.youtube.com/watch?v=_wAm2Qgt-zw","คลังความรู้ Prajan: วิดีโอ หัวข้อ ""ภัยไซเบอร์แบบ MINT เข้าโจมตีคุณแล้วหรือยัง?"" สำหรับใช้ค้นหาและอ้างอิงเมื่อลูกค้าถามเรื่องที่เกี่ยวข้อง","Security, Cybersecurity, Data Protection","sec16","sec"
"AllVideo","75","อย่ารอให้ภัยมาถึงตัว! ปกป้ององค์กรของคุณจากภัยร้ายของ AI ด้วย #ความปลอดภัยAI #ภัยไซเบอร์ #AI","https://www.youtube.com/watch?v=PEprkEf4FW8","คลังความรู้ Prajan: วิดีโอ หัวข้อ ""อย่ารอให้ภัยมาถึงตัว! ปกป้ององค์กรของคุณจากภัยร้ายของ AI ด้วย #ความปลอดภัยAI #ภัยไซเบอร์ #AI"" สำหรับใช้ค้นหาและอ้างอิงเมื่อลูกค้าถามเรื่องที่เกี่ยวข้อง","Security, Cybersecurity, Data Protection, AI, Automation","ai09","ai"
"AllVideo","76","Live สด ที่ชุมชนทีไร เสี่ยงโดนถูกร้อง ถูกปรับ 500,000 บาททุกที ถ้าไม่ทำตาม PDPA #pdpa","https://www.youtube.com/watch?v=kgZ5yvVrlIY","คลังความรู้ Prajan: วิดีโอ หัวข้อ ""Live สด ที่ชุมชนทีไร เสี่ยงโดนถูกร้อง ถูกปรับ 500,000 บาททุกที ถ้าไม่ทำตาม PDPA #pdpa"" สำหรับใช้ค้นหาและอ้างอิงเมื่อลูกค้าถามเรื่องที่เกี่ยวข้อง","PDPA, ข้อมูลส่วนบุคคล, Privacy","pdpa32","pdpa"
"AllVideo","77","ภัยไซเบอร์ไม่ใช่เรื่องไกลตัว! ปกป้องธุรกิจของคุณก่อนจะสายเกินแก้ด้วย PDPA to Security จาก SGC #pdpa","https://www.youtube.com/watch?v=g6foXaHnI3Y","คลังความรู้ Prajan: วิดีโอ หัวข้อ ""ภัยไซเบอร์ไม่ใช่เรื่องไกลตัว! ปกป้องธุรกิจของคุณก่อนจะสายเกินแก้ด้วย PDPA to Security จาก SGC #pdpa"" สำหรับใช้ค้นหาและอ้างอิงเมื่อลูกค้าถามเรื่องที่เกี่ยวข้อง","PDPA, ข้อมูลส่วนบุคคล, Privacy, Security, Cybersecurity, Data Protection","sec17","sec"
"AllVideo","78","1 นาที PDPA : Insider Threats: ภัยร้ายใกล้ตัวที่คุณต้องระวัง!รู้หรือไม่?","https://www.youtube.com/watch?v=NG5zDNInxhc","คลังความรู้ Prajan: วิดีโอ หัวข้อ ""1 นาที PDPA : Insider Threats: ภัยร้ายใกล้ตัวที่คุณต้องระวัง!รู้หรือไม่?"" สำหรับใช้ค้นหาและอ้างอิงเมื่อลูกค้าถามเรื่องที่เกี่ยวข้อง","PDPA, ข้อมูลส่วนบุคคล, Privacy","pdpa33","pdpa"
"AllVideo","79","PDPA & Security: ทำไมต้องทำพร้อมกัน?  #PDPA #Security #Cybersecurity #SGC","https://www.youtube.com/watch?v=FwPRhoCzYrI","คลังความรู้ Prajan: วิดีโอ หัวข้อ ""PDPA & Security: ทำไมต้องทำพร้อมกัน?  #PDPA #Security #Cybersecurity #SGC"" สำหรับใช้ค้นหาและอ้างอิงเมื่อลูกค้าถามเรื่องที่เกี่ยวข้อง","PDPA, ข้อมูลส่วนบุคคล, Privacy, Security, Cybersecurity, Data Protection","sec18","sec"
"AllVideo","80","PDPA ทำยาก? ไม่ต้องกังวลอีกต่อไป! PDPA Check ช่วยให้การทำ PDPA เป็นเรื่องง่ายสำหรับหน่วยงานขนาดใหญ่","https://www.youtube.com/watch?v=2Br1gLDb22M","คลังความรู้ Prajan: วิดีโอ หัวข้อ ""PDPA ทำยาก? ไม่ต้องกังวลอีกต่อไป! PDPA Check ช่วยให้การทำ PDPA เป็นเรื่องง่ายสำหรับหน่วยงานขนาดใหญ่"" สำหรับใช้ค้นหาและอ้างอิงเมื่อลูกค้าถามเรื่องที่เกี่ยวข้อง","PDPA, ข้อมูลส่วนบุคคล, Privacy","pdpa34","pdpa"
"AllVideo","81","ประเมินความรู้ PDPA & เรียน E-Learning | PDPACheck","https://www.youtube.com/watch?v=GLE-CuUhaa0","คลังความรู้ Prajan: วิดีโอ หัวข้อ ""ประเมินความรู้ PDPA & เรียน E-Learning | PDPACheck"" สำหรับใช้ค้นหาและอ้างอิงเมื่อลูกค้าถามเรื่องที่เกี่ยวข้อง","PDPA, ข้อมูลส่วนบุคคล, Privacy","pdpa35","pdpa"
"AllVideo","82","📢 เอกสาร PDPA เยอะจนปวดหัว?ลองใช้ PDPA Check สิ #PDPA #PDPAcheck #ตัวช่วยPDPA #ง่ายกว่าที่คิด","https://www.youtube.com/watch?v=dxkUtQRfvk4","คลังความรู้ Prajan: วิดีโอ หัวข้อ ""📢 เอกสาร PDPA เยอะจนปวดหัว?ลองใช้ PDPA Check สิ #PDPA #PDPAcheck #ตัวช่วยPDPA #ง่ายกว่าที่คิด"" สำหรับใช้ค้นหาและอ้างอิงเมื่อลูกค้าถามเรื่องที่เกี่ยวข้อง","PDPA, ข้อมูลส่วนบุคคล, Privacy, เอกสาร PDPA, Policy","pdpa36","pdpa"
"AllVideo","83","PDPA ทำยาก ปวดหัวเรื่องเอกสาร? #PDPA #PDPAcheck #ตัวช่วยPDPA #ธุรกิจ #ลดต้นทุน","https://www.youtube.com/watch?v=lU4rN3OTJdw","คลังความรู้ Prajan: วิดีโอ หัวข้อ ""PDPA ทำยาก ปวดหัวเรื่องเอกสาร? #PDPA #PDPAcheck #ตัวช่วยPDPA #ธุรกิจ #ลดต้นทุน"" สำหรับใช้ค้นหาและอ้างอิงเมื่อลูกค้าถามเรื่องที่เกี่ยวข้อง","PDPA, ข้อมูลส่วนบุคคล, Privacy, เอกสาร PDPA, Policy","pdpa37","pdpa"
"AllVideo","84","ประกาศแจ้งเตือนการจัดการข้อมูลส่วนบุคคล","https://www.youtube.com/watch?v=ZXDsVefINU0","คลังความรู้ Prajan: วิดีโอ หัวข้อ ""ประกาศแจ้งเตือนการจัดการข้อมูลส่วนบุคคล"" สำหรับใช้ค้นหาและอ้างอิงเมื่อลูกค้าถามเรื่องที่เกี่ยวข้อง","PDPA, ข้อมูลส่วนบุคคล, Privacy, Consent, Cookie, Privacy Notice","consent05","consent"
"AllVideo","85","เรียนรู้ PDPA เชิงลึก พร้อมลงมือปฏิบัติจริงที่นิมมาน เชียงใหม่! 🌳#pdpa  #cybersecurity #อบรมPDPA","https://www.youtube.com/watch?v=mJra_-pil3g","คลังความรู้ Prajan: วิดีโอ หัวข้อ ""เรียนรู้ PDPA เชิงลึก พร้อมลงมือปฏิบัติจริงที่นิมมาน เชียงใหม่! 🌳#pdpa  #cybersecurity #อบรมPDPA"" สำหรับใช้ค้นหาและอ้างอิงเมื่อลูกค้าถามเรื่องที่เกี่ยวข้อง","PDPA, ข้อมูลส่วนบุคคล, Privacy, Security, Cybersecurity, Data Protection, Training, Workshop","train12","train"
"AllVideo","86","1 นาที PDPA","https://www.youtube.com/watch?v=7H9ZA4PdyKo","คลังความรู้ Prajan: วิดีโอ หัวข้อ ""1 นาที PDPA"" สำหรับใช้ค้นหาและอ้างอิงเมื่อลูกค้าถามเรื่องที่เกี่ยวข้อง","PDPA, ข้อมูลส่วนบุคคล, Privacy","pdpa38","pdpa"
"AllVideo","87","การร้องเรียนสิทธิของเจ้าของข้อมูลส่วนบุคคล #pdpa #กฏหมายคุ้มครองข้อมูลส่วนบุคคล #ยื่นคำรอง#ร้องเรียน","https://www.youtube.com/watch?v=Pe-WsEYEwDM","คลังความรู้ Prajan: วิดีโอ หัวข้อ ""การร้องเรียนสิทธิของเจ้าของข้อมูลส่วนบุคคล #pdpa #กฏหมายคุ้มครองข้อมูลส่วนบุคคล #ยื่นคำรอง#ร้องเรียน"" สำหรับใช้ค้นหาและอ้างอิงเมื่อลูกค้าถามเรื่องที่เกี่ยวข้อง","PDPA, ข้อมูลส่วนบุคคล, Privacy","pdpa39","pdpa"
"AllVideo","88","การทำPDPAด้วยตนเอง เรามีเครื่องมือ⚙️ช่วยทำPDPA  12 เครื่องมือ ราคาเริ่มต้น 599 บาท","https://www.youtube.com/watch?v=4i0NlcBqJqQ","คลังความรู้ Prajan: วิดีโอ หัวข้อ ""การทำPDPAด้วยตนเอง เรามีเครื่องมือ⚙️ช่วยทำPDPA  12 เครื่องมือ ราคาเริ่มต้น 599 บาท"" สำหรับใช้ค้นหาและอ้างอิงเมื่อลูกค้าถามเรื่องที่เกี่ยวข้อง","PDPA, ข้อมูลส่วนบุคคล, Privacy","pdpa40","pdpa"
"AllVideo","89","มอบทุน 25,000 บาทสำหรับทำ PDPA สำหรับผู้เข้าโครงการ LIVE SPARK #pdpa #คุ้มครองข้อมูลส่วนบุคคล","https://www.youtube.com/watch?v=aAg6d8HNHCw","คลังความรู้ Prajan: วิดีโอ หัวข้อ ""มอบทุน 25,000 บาทสำหรับทำ PDPA สำหรับผู้เข้าโครงการ LIVE SPARK #pdpa #คุ้มครองข้อมูลส่วนบุคคล"" สำหรับใช้ค้นหาและอ้างอิงเมื่อลูกค้าถามเรื่องที่เกี่ยวข้อง","PDPA, ข้อมูลส่วนบุคคล, Privacy","pdpa41","pdpa"
"AllVideo","90","มิจฉาชีพประกาศรับสมัครงานพร้อมโฆษณาจูงใจ ภาค 2 #pdpa #คุ้มครองข้อมูลส่วนบุคคล","https://www.youtube.com/watch?v=hGEqlpvbL90","คลังความรู้ Prajan: วิดีโอ หัวข้อ ""มิจฉาชีพประกาศรับสมัครงานพร้อมโฆษณาจูงใจ ภาค 2 #pdpa #คุ้มครองข้อมูลส่วนบุคคล"" สำหรับใช้ค้นหาและอ้างอิงเมื่อลูกค้าถามเรื่องที่เกี่ยวข้อง","PDPA, ข้อมูลส่วนบุคคล, Privacy","pdpa42","pdpa"
"AllVideo","91","มิจฉาชีพประกาศรับสมัครงานพร้อมโฆษณาจูงใจ ภาค 1  #pdpa #คุ้มครองข้อมูลส่วนบุคคล","https://www.youtube.com/watch?v=OxbJhNGjc60","คลังความรู้ Prajan: วิดีโอ หัวข้อ ""มิจฉาชีพประกาศรับสมัครงานพร้อมโฆษณาจูงใจ ภาค 1  #pdpa #คุ้มครองข้อมูลส่วนบุคคล"" สำหรับใช้ค้นหาและอ้างอิงเมื่อลูกค้าถามเรื่องที่เกี่ยวข้อง","PDPA, ข้อมูลส่วนบุคคล, Privacy","pdpa43","pdpa"
"AllVideo","92","1 นาที PDPA บริษัทไหนเอาข้อมูลเราเอาไปขาย ดูยังไง  #PDPACheck #PDPA #pdpa #คุ้มครองข้อมูลส่วนบุคคล","https://www.youtube.com/watch?v=8gFauqs2M5g","คลังความรู้ Prajan: วิดีโอ หัวข้อ ""1 นาที PDPA บริษัทไหนเอาข้อมูลเราเอาไปขาย ดูยังไง  #PDPACheck #PDPA #pdpa #คุ้มครองข้อมูลส่วนบุคคล"" สำหรับใช้ค้นหาและอ้างอิงเมื่อลูกค้าถามเรื่องที่เกี่ยวข้อง","PDPA, ข้อมูลส่วนบุคคล, Privacy","pdpa44","pdpa"
"AllVideo","93","AI สำหรับช่วยทำ PDPA มีให้ใช้ใน pdpa check แล้ว #pdpa #คุ้มครองข้อมูลส่วนบุคคล","https://www.youtube.com/watch?v=KA_-14i9M5A","คลังความรู้ Prajan: วิดีโอ หัวข้อ ""AI สำหรับช่วยทำ PDPA มีให้ใช้ใน pdpa check แล้ว #pdpa #คุ้มครองข้อมูลส่วนบุคคล"" สำหรับใช้ค้นหาและอ้างอิงเมื่อลูกค้าถามเรื่องที่เกี่ยวข้อง","PDPA, ข้อมูลส่วนบุคคล, Privacy, AI, Automation","ai10","ai"
"AllVideo","94","การทำPDPAด้วยตนเอง ควรมีเครื่องมือ⚙️ช่วยทำPDPA  1 นาที #pdpa #คุ้มครองข้อมูลส่วนบุคคล #รับตัวแทน","https://www.youtube.com/watch?v=xHjI0dGeb5U","คลังความรู้ Prajan: วิดีโอ หัวข้อ ""การทำPDPAด้วยตนเอง ควรมีเครื่องมือ⚙️ช่วยทำPDPA  1 นาที #pdpa #คุ้มครองข้อมูลส่วนบุคคล #รับตัวแทน"" สำหรับใช้ค้นหาและอ้างอิงเมื่อลูกค้าถามเรื่องที่เกี่ยวข้อง","PDPA, ข้อมูลส่วนบุคคล, Privacy","pdpa45","pdpa"
"AllVideo","95","คอร์ส เรียน PDPA พร้อมนำไปใช้ ไม่มีค่าใช้จ่าย  #pdpa #คุ้มครองข้อมูลส่วนบุคคล #สอนฟรี #รับตัวแทน","https://www.youtube.com/watch?v=JIGYhXPHshs","คลังความรู้ Prajan: วิดีโอ หัวข้อ ""คอร์ส เรียน PDPA พร้อมนำไปใช้ ไม่มีค่าใช้จ่าย  #pdpa #คุ้มครองข้อมูลส่วนบุคคล #สอนฟรี #รับตัวแทน"" สำหรับใช้ค้นหาและอ้างอิงเมื่อลูกค้าถามเรื่องที่เกี่ยวข้อง","PDPA, ข้อมูลส่วนบุคคล, Privacy","pdpa46","pdpa"
"AllVideo","96","🚀วิธีการทำ PDPA สำหรับฝ่าย Hr กิจกรรมที่เกี่ยวข้องกับข้อมูลส่วนบุคคล  รับสมัครงาน ถึงลาออกจากงาน","https://www.youtube.com/watch?v=mH4uVztK-9Y","คลังความรู้ Prajan: วิดีโอ หัวข้อ ""🚀วิธีการทำ PDPA สำหรับฝ่าย Hr กิจกรรมที่เกี่ยวข้องกับข้อมูลส่วนบุคคล  รับสมัครงาน ถึงลาออกจากงาน"" สำหรับใช้ค้นหาและอ้างอิงเมื่อลูกค้าถามเรื่องที่เกี่ยวข้อง","PDPA, ข้อมูลส่วนบุคคล, Privacy","pdpa47","pdpa"
"AllVideo","97","วิธีทำประกาศแจ้งเตือนและให้ความยินยอมโดยอิสระ ตามกฏหมายคุ้มครองข้อมูลส่วนบุคคลโดย pdpa3in1.com#pdpa","https://www.youtube.com/watch?v=bndfI1Jq9pg","คลังความรู้ Prajan: วิดีโอ หัวข้อ ""วิธีทำประกาศแจ้งเตือนและให้ความยินยอมโดยอิสระ ตามกฏหมายคุ้มครองข้อมูลส่วนบุคคลโดย pdpa3in1.com#pdpa"" สำหรับใช้ค้นหาและอ้างอิงเมื่อลูกค้าถามเรื่องที่เกี่ยวข้อง","PDPA, ข้อมูลส่วนบุคคล, Privacy, Consent, Cookie, Privacy Notice","consent06","consent"
"AllVideo","98","🎉สรุปแนวทางการพัฒนาระบบ PDPA  #กฏหมายคุ้มครองข้อมูลส่วนบุคคล #PDPA #โปรแกรมPDPA #รับพัฒนาระบบPDPA","https://www.youtube.com/watch?v=PDxf1B09IAY","คลังความรู้ Prajan: วิดีโอ หัวข้อ ""🎉สรุปแนวทางการพัฒนาระบบ PDPA  #กฏหมายคุ้มครองข้อมูลส่วนบุคคล #PDPA #โปรแกรมPDPA #รับพัฒนาระบบPDPA"" สำหรับใช้ค้นหาและอ้างอิงเมื่อลูกค้าถามเรื่องที่เกี่ยวข้อง","PDPA, ข้อมูลส่วนบุคคล, Privacy","pdpa48","pdpa"
"AllVideo","99","อยากทำ App ให้บริการดีๆกับลูกค้า🥲ทำไมถูกลูกค้าร้องเรียน😂 #pdpa #รับตัวแทน#โปรแกรมPDPA#ขอความยินยอม","https://www.youtube.com/watch?v=XxHWmfsfUuw","คลังความรู้ Prajan: วิดีโอ หัวข้อ ""อยากทำ App ให้บริการดีๆกับลูกค้า🥲ทำไมถูกลูกค้าร้องเรียน😂 #pdpa #รับตัวแทน#โปรแกรมPDPA#ขอความยินยอม"" สำหรับใช้ค้นหาและอ้างอิงเมื่อลูกค้าถามเรื่องที่เกี่ยวข้อง","PDPA, ข้อมูลส่วนบุคคล, Privacy, บริการ, Consulting, Consent, Cookie, Privacy Notice","consent07","consent"
"AllVideo","100","บริษัทเราก็ไม่ได้ทำตามกฏหมายPDPA ซะด้วย “ทีนี้ใช้ข้อมูลลูกค้าก็ลำบาก” “ว้าวุ่นเลย” #ที่ปรึกษาpdpa","https://www.youtube.com/watch?v=Lu4Fpx6nJSA","คลังความรู้ Prajan: วิดีโอ หัวข้อ ""บริษัทเราก็ไม่ได้ทำตามกฏหมายPDPA ซะด้วย “ทีนี้ใช้ข้อมูลลูกค้าก็ลำบาก” “ว้าวุ่นเลย” #ที่ปรึกษาpdpa"" สำหรับใช้ค้นหาและอ้างอิงเมื่อลูกค้าถามเรื่องที่เกี่ยวข้อง","PDPA, ข้อมูลส่วนบุคคล, Privacy","pdpa49","pdpa"
"AllVideo","101","เครื่องมือช่วยทำ PDPAโปรแกรมทำ  PDPAระบบช่วยทำ PDPA 1 นาที PDPA #pdpa โปรแกรมPDPA   #ที่ปรึกษาpdpa","https://www.youtube.com/watch?v=LQVpEBsgQUE","คลังความรู้ Prajan: วิดีโอ หัวข้อ ""เครื่องมือช่วยทำ PDPAโปรแกรมทำ  PDPAระบบช่วยทำ PDPA 1 นาที PDPA #pdpa โปรแกรมPDPA   #ที่ปรึกษาpdpa"" สำหรับใช้ค้นหาและอ้างอิงเมื่อลูกค้าถามเรื่องที่เกี่ยวข้อง","PDPA, ข้อมูลส่วนบุคคล, Privacy","pdpa50","pdpa"
"AllVideo","102","⛓️ป้องกันปัญหาถูกร้องเรียน 🪤Case จริงที่เกิดขึ้นถูกร้องเรียนเรื่องการขอความยินยอมและถอนความยินยอม","https://www.youtube.com/watch?v=V0HrQEZNNT4","คลังความรู้ Prajan: วิดีโอ หัวข้อ ""⛓️ป้องกันปัญหาถูกร้องเรียน 🪤Case จริงที่เกิดขึ้นถูกร้องเรียนเรื่องการขอความยินยอมและถอนความยินยอม"" สำหรับใช้ค้นหาและอ้างอิงเมื่อลูกค้าถามเรื่องที่เกี่ยวข้อง","Consent, Cookie, Privacy Notice","consent08","consent"
"AllVideo","103","🎛️เครื่องมือช่วยทำ PDPA ราคา 599 บาท -9,990 บาท  #pdpa #คุ้มครองข้อมูลส่วนบุคคล","https://www.youtube.com/watch?v=k1jUsy-wP7Y","คลังความรู้ Prajan: วิดีโอ หัวข้อ ""🎛️เครื่องมือช่วยทำ PDPA ราคา 599 บาท -9,990 บาท  #pdpa #คุ้มครองข้อมูลส่วนบุคคล"" สำหรับใช้ค้นหาและอ้างอิงเมื่อลูกค้าถามเรื่องที่เกี่ยวข้อง","PDPA, ข้อมูลส่วนบุคคล, Privacy","pdpa51","pdpa"
"AllVideo","104","🎛️เครื่องมือช่วยทำ PDPA ราคา 590 บาท -9,990 บาท","https://www.youtube.com/watch?v=kJk8kkEV2TU","คลังความรู้ Prajan: วิดีโอ หัวข้อ ""🎛️เครื่องมือช่วยทำ PDPA ราคา 590 บาท -9,990 บาท"" สำหรับใช้ค้นหาและอ้างอิงเมื่อลูกค้าถามเรื่องที่เกี่ยวข้อง","PDPA, ข้อมูลส่วนบุคคล, Privacy","pdpa52","pdpa"
"AllVideo","105","Pdpacheck มีระบบต่างๆช่วยให้ทำPDPA ได้ง่ายขึ้นจนประสบความสำเร็จในการทำ PDPA","https://www.youtube.com/watch?v=aZdCimtwmz4","คลังความรู้ Prajan: วิดีโอ หัวข้อ ""Pdpacheck มีระบบต่างๆช่วยให้ทำPDPA ได้ง่ายขึ้นจนประสบความสำเร็จในการทำ PDPA"" สำหรับใช้ค้นหาและอ้างอิงเมื่อลูกค้าถามเรื่องที่เกี่ยวข้อง","PDPA, ข้อมูลส่วนบุคคล, Privacy","pdpa53","pdpa"
"AllVideo","106","ทำไมต้องทำ PDPA ทำไมต้องมีผู้ช่วยทำ PDPA","https://www.youtube.com/watch?v=E96tLKve1P4","คลังความรู้ Prajan: วิดีโอ หัวข้อ ""ทำไมต้องทำ PDPA ทำไมต้องมีผู้ช่วยทำ PDPA"" สำหรับใช้ค้นหาและอ้างอิงเมื่อลูกค้าถามเรื่องที่เกี่ยวข้อง","PDPA, ข้อมูลส่วนบุคคล, Privacy","pdpa54","pdpa"
"AllVideo","107","บริษัทหรือหน่วยงานได้ประโยชน์จากการทำตามกฏหมายคุ้มครองข้อมูลส่วนบุคคล(PDPA)อย่างไร","https://www.youtube.com/watch?v=R_6_VhJ9Kdk","คลังความรู้ Prajan: วิดีโอ หัวข้อ ""บริษัทหรือหน่วยงานได้ประโยชน์จากการทำตามกฏหมายคุ้มครองข้อมูลส่วนบุคคล(PDPA)อย่างไร"" สำหรับใช้ค้นหาและอ้างอิงเมื่อลูกค้าถามเรื่องที่เกี่ยวข้อง","PDPA, ข้อมูลส่วนบุคคล, Privacy","pdpa55","pdpa"
"AllVideo","108","ประโยชน์ของกฏหมายคุ้มครองข้อมูลส่วนบุคคล  PDPA","https://www.youtube.com/watch?v=4KaupHCq0ys","คลังความรู้ Prajan: วิดีโอ หัวข้อ ""ประโยชน์ของกฏหมายคุ้มครองข้อมูลส่วนบุคคล  PDPA"" สำหรับใช้ค้นหาและอ้างอิงเมื่อลูกค้าถามเรื่องที่เกี่ยวข้อง","PDPA, ข้อมูลส่วนบุคคล, Privacy","pdpa56","pdpa"
"AllVideo","109","หอพัก มีหน้าที่ต้องทำตามกฏหมายคุ้มครองข้อมูลส่วนบุคคล ดังนี้","https://www.youtube.com/watch?v=3hA6gNCKtNI","คลังความรู้ Prajan: วิดีโอ หัวข้อ ""หอพัก มีหน้าที่ต้องทำตามกฏหมายคุ้มครองข้อมูลส่วนบุคคล ดังนี้"" สำหรับใช้ค้นหาและอ้างอิงเมื่อลูกค้าถามเรื่องที่เกี่ยวข้อง","PDPA, ข้อมูลส่วนบุคคล, Privacy","pdpa57","pdpa"
"AllVideo","110","ร้านค้า Online  มีหน้าที่ตามกฏหมายคุ้มครองข้อมูลส่วนบุคคล ดังนี้","https://www.youtube.com/watch?v=OIUjUkS3-5c","คลังความรู้ Prajan: วิดีโอ หัวข้อ ""ร้านค้า Online  มีหน้าที่ตามกฏหมายคุ้มครองข้อมูลส่วนบุคคล ดังนี้"" สำหรับใช้ค้นหาและอ้างอิงเมื่อลูกค้าถามเรื่องที่เกี่ยวข้อง","PDPA, ข้อมูลส่วนบุคคล, Privacy","pdpa58","pdpa"
"AllVideo","111","Showcase ทำPDPA ร้านค้าOnline","https://www.youtube.com/watch?v=P0VgnHDDRXU","คลังความรู้ Prajan: วิดีโอ หัวข้อ ""Showcase ทำPDPA ร้านค้าOnline"" สำหรับใช้ค้นหาและอ้างอิงเมื่อลูกค้าถามเรื่องที่เกี่ยวข้อง","PDPA, ข้อมูลส่วนบุคคล, Privacy","pdpa59","pdpa"
"AllVideo","112","สิทธิของนักเรียน ต่อครูผู้สอนหรือโรงเรียนที่เป็นผู้จัดเก็บใช้งานข้อมูลนักเรียน","https://www.youtube.com/watch?v=9TJnGZ12z60","คลังความรู้ Prajan: วิดีโอ หัวข้อ ""สิทธิของนักเรียน ต่อครูผู้สอนหรือโรงเรียนที่เป็นผู้จัดเก็บใช้งานข้อมูลนักเรียน"" สำหรับใช้ค้นหาและอ้างอิงเมื่อลูกค้าถามเรื่องที่เกี่ยวข้อง","Prajan, Knowledge Base, Video Content","pdpa60","pdpa"
"AllVideo","113","การทำประกาศ แจ้งเตือน ขอความยินยอม PDPA ในองค์กรเกี่ยวกับพนักงาน (Hr)","https://www.youtube.com/watch?v=K_bTM0kOV9k","คลังความรู้ Prajan: วิดีโอ หัวข้อ ""การทำประกาศ แจ้งเตือน ขอความยินยอม PDPA ในองค์กรเกี่ยวกับพนักงาน (Hr)"" สำหรับใช้ค้นหาและอ้างอิงเมื่อลูกค้าถามเรื่องที่เกี่ยวข้อง","PDPA, ข้อมูลส่วนบุคคล, Privacy, Consent, Cookie, Privacy Notice","consent09","consent"
"AllVideo","114","การประกาศแจ้งเตือนและขอความยินยอม ภายในหน่วยงานมีส่วนที่เกี่ยวข้องกับข้อมูลส่วนบุคคลจำนวนมาก","https://www.youtube.com/watch?v=j1ffogjRP9c","คลังความรู้ Prajan: วิดีโอ หัวข้อ ""การประกาศแจ้งเตือนและขอความยินยอม ภายในหน่วยงานมีส่วนที่เกี่ยวข้องกับข้อมูลส่วนบุคคลจำนวนมาก"" สำหรับใช้ค้นหาและอ้างอิงเมื่อลูกค้าถามเรื่องที่เกี่ยวข้อง","PDPA, ข้อมูลส่วนบุคคล, Privacy, Consent, Cookie, Privacy Notice","consent10","consent"
"AllVideo","115","การประกาศ แจ้งเตือน  การขอความยินยอม กิจกรรมที่เกี่ยวข้องกับข้อมูลส่วนบุคคลภายในองค์กร","https://www.youtube.com/watch?v=BaVzqPmj_Ws","คลังความรู้ Prajan: วิดีโอ หัวข้อ ""การประกาศ แจ้งเตือน  การขอความยินยอม กิจกรรมที่เกี่ยวข้องกับข้อมูลส่วนบุคคลภายในองค์กร"" สำหรับใช้ค้นหาและอ้างอิงเมื่อลูกค้าถามเรื่องที่เกี่ยวข้อง","PDPA, ข้อมูลส่วนบุคคล, Privacy, Consent, Cookie, Privacy Notice","consent11","consent"
"AllVideo","116","ระบบทำ การประกาศแจ้งเตือนและขอความยินยอม  ทดลองฟรี pdpa3in1","https://www.youtube.com/watch?v=qiaN4c_gqM0","คลังความรู้ Prajan: วิดีโอ หัวข้อ ""ระบบทำ การประกาศแจ้งเตือนและขอความยินยอม  ทดลองฟรี pdpa3in1"" สำหรับใช้ค้นหาและอ้างอิงเมื่อลูกค้าถามเรื่องที่เกี่ยวข้อง","PDPA, ข้อมูลส่วนบุคคล, Privacy, Consent, Cookie, Privacy Notice","consent12","consent"
"AllVideo","117","เครื่องมือช่วยทำ PDPA","https://www.youtube.com/watch?v=d2MqdNjcq2o","คลังความรู้ Prajan: วิดีโอ หัวข้อ ""เครื่องมือช่วยทำ PDPA"" สำหรับใช้ค้นหาและอ้างอิงเมื่อลูกค้าถามเรื่องที่เกี่ยวข้อง","PDPA, ข้อมูลส่วนบุคคล, Privacy","pdpa61","pdpa"
"AllVideo","118","EP 2  การทำPDPA สำหรับโรงงาน","https://www.youtube.com/watch?v=AbzvDifYma0","คลังความรู้ Prajan: วิดีโอ หัวข้อ ""EP 2  การทำPDPA สำหรับโรงงาน"" สำหรับใช้ค้นหาและอ้างอิงเมื่อลูกค้าถามเรื่องที่เกี่ยวข้อง","PDPA, ข้อมูลส่วนบุคคล, Privacy","pdpa62","pdpa"
"AllVideo","119","ภาคปฏิบัติการทำ PDPA สำหรับ โรงงาน และสวนผลไม้ Ep1","https://www.youtube.com/watch?v=gUp4XxCAHIw","คลังความรู้ Prajan: วิดีโอ หัวข้อ ""ภาคปฏิบัติการทำ PDPA สำหรับ โรงงาน และสวนผลไม้ Ep1"" สำหรับใช้ค้นหาและอ้างอิงเมื่อลูกค้าถามเรื่องที่เกี่ยวข้อง","PDPA, ข้อมูลส่วนบุคคล, Privacy","pdpa63","pdpa"
"AllVideo","120","ภาคปฏิบัติการทำ PDPA สำหรับ โรงงาน Ep2 (พนักงานภายในบริษัท)","https://www.youtube.com/watch?v=xZd6BiFshWY","คลังความรู้ Prajan: วิดีโอ หัวข้อ ""ภาคปฏิบัติการทำ PDPA สำหรับ โรงงาน Ep2 (พนักงานภายในบริษัท)"" สำหรับใช้ค้นหาและอ้างอิงเมื่อลูกค้าถามเรื่องที่เกี่ยวข้อง","PDPA, ข้อมูลส่วนบุคคล, Privacy","pdpa64","pdpa"
"AllVideo","121","เครื่องมือช่วยทำ PDPA","https://www.youtube.com/watch?v=N_xBLPqgS6E","คลังความรู้ Prajan: วิดีโอ หัวข้อ ""เครื่องมือช่วยทำ PDPA"" สำหรับใช้ค้นหาและอ้างอิงเมื่อลูกค้าถามเรื่องที่เกี่ยวข้อง","PDPA, ข้อมูลส่วนบุคคล, Privacy","pdpa65","pdpa"
"AllVideo","122","ป้องกันคลิปหลุด ภาพหลุด ด้วยกฏหมายคุ้มครองข้อมูลส่วนบุคคล","https://www.youtube.com/watch?v=TawqL0ho1Xg","คลังความรู้ Prajan: วิดีโอ หัวข้อ ""ป้องกันคลิปหลุด ภาพหลุด ด้วยกฏหมายคุ้มครองข้อมูลส่วนบุคคล"" สำหรับใช้ค้นหาและอ้างอิงเมื่อลูกค้าถามเรื่องที่เกี่ยวข้อง","PDPA, ข้อมูลส่วนบุคคล, Privacy","pdpa66","pdpa"
"AllVideo","123","สิทธิของเจ้าของข้อมูลส่วนบุคคล","https://www.youtube.com/watch?v=fGxIKA1dgh4","คลังความรู้ Prajan: วิดีโอ หัวข้อ ""สิทธิของเจ้าของข้อมูลส่วนบุคคล"" สำหรับใช้ค้นหาและอ้างอิงเมื่อลูกค้าถามเรื่องที่เกี่ยวข้อง","PDPA, ข้อมูลส่วนบุคคล, Privacy","pdpa67","pdpa"
"AllVideo","124","คลิปหลุด รูปหลุด ทำอย่างไร ให้กฏหมายคุ้มครองข้อมูลส่วนบุคคลแก้ไขได้ ก่อนที่รูปจะหลุดก็สามารถแจ้งได้","https://www.youtube.com/watch?v=E-SxCHv7-Bo","คลังความรู้ Prajan: วิดีโอ หัวข้อ ""คลิปหลุด รูปหลุด ทำอย่างไร ให้กฏหมายคุ้มครองข้อมูลส่วนบุคคลแก้ไขได้ ก่อนที่รูปจะหลุดก็สามารถแจ้งได้"" สำหรับใช้ค้นหาและอ้างอิงเมื่อลูกค้าถามเรื่องที่เกี่ยวข้อง","PDPA, ข้อมูลส่วนบุคคล, Privacy","pdpa68","pdpa"
"AllVideo","125","คลิปหลุด ทำอย่างไร  สิทธิของเจ้าของข้อมูลส่วนบุคคล ช่วยแก้ปัญหาก่อน คลิปหลุดออกไป","https://www.youtube.com/watch?v=rcnLGH1Tj60","คลังความรู้ Prajan: วิดีโอ หัวข้อ ""คลิปหลุด ทำอย่างไร  สิทธิของเจ้าของข้อมูลส่วนบุคคล ช่วยแก้ปัญหาก่อน คลิปหลุดออกไป"" สำหรับใช้ค้นหาและอ้างอิงเมื่อลูกค้าถามเรื่องที่เกี่ยวข้อง","PDPA, ข้อมูลส่วนบุคคล, Privacy","pdpa69","pdpa"
"AllVideo","126","Showcase :ทำร้านค้า บริษัท หน่วยงานให้สอดคล้องกับ PDPA","https://www.youtube.com/watch?v=4JLwneIhZIY","คลังความรู้ Prajan: วิดีโอ หัวข้อ ""Showcase :ทำร้านค้า บริษัท หน่วยงานให้สอดคล้องกับ PDPA"" สำหรับใช้ค้นหาและอ้างอิงเมื่อลูกค้าถามเรื่องที่เกี่ยวข้อง","PDPA, ข้อมูลส่วนบุคคล, Privacy","pdpa70","pdpa"
"AllVideo","127","การทำ PDPA สำหรับหน่วยงานหลายสาขา","https://www.youtube.com/watch?v=Kai-0tAMFHs","คลังความรู้ Prajan: วิดีโอ หัวข้อ ""การทำ PDPA สำหรับหน่วยงานหลายสาขา"" สำหรับใช้ค้นหาและอ้างอิงเมื่อลูกค้าถามเรื่องที่เกี่ยวข้อง","PDPA, ข้อมูลส่วนบุคคล, Privacy","pdpa71","pdpa"
"AllVideo","128","การทำ PDPA จัดทำองค์กรให้สอดคล้องกับกฏหมายคุ้มครองข้อมูลส่วนบุคคล","https://www.youtube.com/watch?v=OCPN7snfbKY","คลังความรู้ Prajan: วิดีโอ หัวข้อ ""การทำ PDPA จัดทำองค์กรให้สอดคล้องกับกฏหมายคุ้มครองข้อมูลส่วนบุคคล"" สำหรับใช้ค้นหาและอ้างอิงเมื่อลูกค้าถามเรื่องที่เกี่ยวข้อง","PDPA, ข้อมูลส่วนบุคคล, Privacy","pdpa72","pdpa"
"AllVideo","129","การทำ PDPA จัดทำองค์กรให้สอดคล้องกับกฏหมายคุ้มครองข้อมูลส่วนบุคคล","https://www.youtube.com/watch?v=28BSeqcahhw","คลังความรู้ Prajan: วิดีโอ หัวข้อ ""การทำ PDPA จัดทำองค์กรให้สอดคล้องกับกฏหมายคุ้มครองข้อมูลส่วนบุคคล"" สำหรับใช้ค้นหาและอ้างอิงเมื่อลูกค้าถามเรื่องที่เกี่ยวข้อง","PDPA, ข้อมูลส่วนบุคคล, Privacy","pdpa73","pdpa"
"AllVideo","130","1 นาที PDPA","https://www.youtube.com/watch?v=9KAwfB6u5wI","คลังความรู้ Prajan: วิดีโอ หัวข้อ ""1 นาที PDPA"" สำหรับใช้ค้นหาและอ้างอิงเมื่อลูกค้าถามเรื่องที่เกี่ยวข้อง","PDPA, ข้อมูลส่วนบุคคล, Privacy","pdpa74","pdpa"
"AllVideo","131","1 นาที ภัย Cyber : ราชภัย อาจทำล้มภายในข้ามคืนได้ ควรป้องกันไว้ดีกว่าแก้ไข โดยทำตามกฏหมาย","https://www.youtube.com/watch?v=ggpq_EndihY","คลังความรู้ Prajan: วิดีโอ หัวข้อ ""1 นาที ภัย Cyber : ราชภัย อาจทำล้มภายในข้ามคืนได้ ควรป้องกันไว้ดีกว่าแก้ไข โดยทำตามกฏหมาย"" สำหรับใช้ค้นหาและอ้างอิงเมื่อลูกค้าถามเรื่องที่เกี่ยวข้อง","Security, Cybersecurity, Data Protection","sec19","sec"
"AllVideo","132","การทำ PDPA  กฏหมายคุ้มครองข้อมูลส่วนบุคคล Showcase หอพัก","https://www.youtube.com/watch?v=qXlsgVmldVU","คลังความรู้ Prajan: วิดีโอ หัวข้อ ""การทำ PDPA  กฏหมายคุ้มครองข้อมูลส่วนบุคคล Showcase หอพัก"" สำหรับใช้ค้นหาและอ้างอิงเมื่อลูกค้าถามเรื่องที่เกี่ยวข้อง","PDPA, ข้อมูลส่วนบุคคล, Privacy","pdpa75","pdpa"
"AllVideo","133","การใช้ Log file เป็นส่วนหนึ่งของมาตรการรักษาความปลอดภัยของข้อมูลส่วนบุคคล","https://www.youtube.com/watch?v=j5akSsdgYK0","คลังความรู้ Prajan: วิดีโอ หัวข้อ ""การใช้ Log file เป็นส่วนหนึ่งของมาตรการรักษาความปลอดภัยของข้อมูลส่วนบุคคล"" สำหรับใช้ค้นหาและอ้างอิงเมื่อลูกค้าถามเรื่องที่เกี่ยวข้อง","PDPA, ข้อมูลส่วนบุคคล, Privacy, Security, Cybersecurity, Data Protection","sec20","sec"
"AllVideo","134","1 นาที PDPA : แต่งตั้งเจ้าหน้าที่คุ้มครองข้อมูล ส่วนบุคคล(Data Protection Officer : DPO)","https://www.youtube.com/watch?v=2XZOUZ-8Oo8","คลังความรู้ Prajan: วิดีโอ หัวข้อ ""1 นาที PDPA : แต่งตั้งเจ้าหน้าที่คุ้มครองข้อมูล ส่วนบุคคล(Data Protection Officer : DPO)"" สำหรับใช้ค้นหาและอ้างอิงเมื่อลูกค้าถามเรื่องที่เกี่ยวข้อง","PDPA, ข้อมูลส่วนบุคคล, Privacy, DPO, ผู้ควบคุมข้อมูล","dpo03","dpo"
"AllVideo","135","1 นาที PDPA : จัดให้มีข้อตกลงระหว่างผู้ควบคุมข้อมูลส่วนบุคคลและผู้ประมวลผลข้อมูลส่วนบุคคล","https://www.youtube.com/watch?v=IlrBuY9Kin0","คลังความรู้ Prajan: วิดีโอ หัวข้อ ""1 นาที PDPA : จัดให้มีข้อตกลงระหว่างผู้ควบคุมข้อมูลส่วนบุคคลและผู้ประมวลผลข้อมูลส่วนบุคคล"" สำหรับใช้ค้นหาและอ้างอิงเมื่อลูกค้าถามเรื่องที่เกี่ยวข้อง","PDPA, ข้อมูลส่วนบุคคล, Privacy, DPO, ผู้ควบคุมข้อมูล","dpo04","dpo"
"AllVideo","136","1 นาที PDPA :จัดทำบันทึกรายการประมวลผลข้อมูล (Record of Processing Activities : RoPA)","https://www.youtube.com/watch?v=Ajz9OrfVUEo","คลังความรู้ Prajan: วิดีโอ หัวข้อ ""1 นาที PDPA :จัดทำบันทึกรายการประมวลผลข้อมูล (Record of Processing Activities : RoPA)"" สำหรับใช้ค้นหาและอ้างอิงเมื่อลูกค้าถามเรื่องที่เกี่ยวข้อง","PDPA, ข้อมูลส่วนบุคคล, Privacy","pdpa76","pdpa"
"AllVideo","137","1 นาที PDPA : แต่งตั้งตัวแทนในราชอาณาจักร","https://www.youtube.com/watch?v=XezACYGW2vM","คลังความรู้ Prajan: วิดีโอ หัวข้อ ""1 นาที PDPA : แต่งตั้งตัวแทนในราชอาณาจักร"" สำหรับใช้ค้นหาและอ้างอิงเมื่อลูกค้าถามเรื่องที่เกี่ยวข้อง","PDPA, ข้อมูลส่วนบุคคล, Privacy","pdpa77","pdpa"
"AllVideo","138","1 นาที PDPA : สำหรับหน่วยงานขนาดใหญ่","https://www.youtube.com/watch?v=7XUCczLbvhc","คลังความรู้ Prajan: วิดีโอ หัวข้อ ""1 นาที PDPA : สำหรับหน่วยงานขนาดใหญ่"" สำหรับใช้ค้นหาและอ้างอิงเมื่อลูกค้าถามเรื่องที่เกี่ยวข้อง","PDPA, ข้อมูลส่วนบุคคล, Privacy","pdpa78","pdpa"
"AllVideo","139","การทำ PDPA สำหรับหน่วยงานขนาดใหญ่","https://www.youtube.com/watch?v=Ipu116b-1vc","คลังความรู้ Prajan: วิดีโอ หัวข้อ ""การทำ PDPA สำหรับหน่วยงานขนาดใหญ่"" สำหรับใช้ค้นหาและอ้างอิงเมื่อลูกค้าถามเรื่องที่เกี่ยวข้อง","PDPA, ข้อมูลส่วนบุคคล, Privacy","pdpa79","pdpa"
"AllVideo","140","1 นาที PDPA : แจ้งเหตุการณ์ละเมิดข้อมูลส่วนบุคคล","https://www.youtube.com/watch?v=YzEwkQhb4qU","คลังความรู้ Prajan: วิดีโอ หัวข้อ ""1 นาที PDPA : แจ้งเหตุการณ์ละเมิดข้อมูลส่วนบุคคล"" สำหรับใช้ค้นหาและอ้างอิงเมื่อลูกค้าถามเรื่องที่เกี่ยวข้อง","PDPA, ข้อมูลส่วนบุคคล, Privacy","pdpa80","pdpa"
"AllVideo","141","1 นาที PDPA : ตรวจสอบ ดำเนินการลบ ทำลาย หรือทำให้ข้อมูลส่วนบุคคลเป็นข้อมูลที่ไม่สามารถระบุตัวตนได้","https://www.youtube.com/watch?v=aF5OLijr0gE","คลังความรู้ Prajan: วิดีโอ หัวข้อ ""1 นาที PDPA : ตรวจสอบ ดำเนินการลบ ทำลาย หรือทำให้ข้อมูลส่วนบุคคลเป็นข้อมูลที่ไม่สามารถระบุตัวตนได้"" สำหรับใช้ค้นหาและอ้างอิงเมื่อลูกค้าถามเรื่องที่เกี่ยวข้อง","PDPA, ข้อมูลส่วนบุคคล, Privacy","pdpa81","pdpa"
"AllVideo","142","1 นาที PDPA : การป้องการไม่ให้ผู้อื่นใช้หรือเปิดเผยข้อมูลโดยมิชอบ","https://www.youtube.com/watch?v=RDPA4k1fJw8","คลังความรู้ Prajan: วิดีโอ หัวข้อ ""1 นาที PDPA : การป้องการไม่ให้ผู้อื่นใช้หรือเปิดเผยข้อมูลโดยมิชอบ"" สำหรับใช้ค้นหาและอ้างอิงเมื่อลูกค้าถามเรื่องที่เกี่ยวข้อง","PDPA, ข้อมูลส่วนบุคคล, Privacy","pdpa82","pdpa"
"AllVideo","143","1 นาที PDPA : คู่มือทำPDPAด้วยตนเองด้วย pdpacheck ฉบับเข้าใจง่าย","https://www.youtube.com/watch?v=TYdY6VrlAH4","คลังความรู้ Prajan: วิดีโอ หัวข้อ ""1 นาที PDPA : คู่มือทำPDPAด้วยตนเองด้วย pdpacheck ฉบับเข้าใจง่าย"" สำหรับใช้ค้นหาและอ้างอิงเมื่อลูกค้าถามเรื่องที่เกี่ยวข้อง","PDPA, ข้อมูลส่วนบุคคล, Privacy","pdpa83","pdpa"
"AllVideo","144","1 นาที PDPA เตือนภัย Cyber :โจรภัย เอาข้อมูลส่วนบุคคลของลูกค้าเราไปหลอกลูกเรา แต่เราอาจซวยด้วย","https://www.youtube.com/watch?v=r0LjVkpE0dg","คลังความรู้ Prajan: วิดีโอ หัวข้อ ""1 นาที PDPA เตือนภัย Cyber :โจรภัย เอาข้อมูลส่วนบุคคลของลูกค้าเราไปหลอกลูกเรา แต่เราอาจซวยด้วย"" สำหรับใช้ค้นหาและอ้างอิงเมื่อลูกค้าถามเรื่องที่เกี่ยวข้อง","PDPA, ข้อมูลส่วนบุคคล, Privacy, Security, Cybersecurity, Data Protection","sec21","sec"
"AllVideo","145","1 นาที PDPA เตือนภัย Cyber : โจรภัย นำข้อมูลส่วนบุคคลไปหากินโดยผิดกฏหมาย เราอยากเป็นเครื่องมือ","https://www.youtube.com/watch?v=J2mSmnVUwOM","คลังความรู้ Prajan: วิดีโอ หัวข้อ ""1 นาที PDPA เตือนภัย Cyber : โจรภัย นำข้อมูลส่วนบุคคลไปหากินโดยผิดกฏหมาย เราอยากเป็นเครื่องมือ"" สำหรับใช้ค้นหาและอ้างอิงเมื่อลูกค้าถามเรื่องที่เกี่ยวข้อง","PDPA, ข้อมูลส่วนบุคคล, Privacy, Security, Cybersecurity, Data Protection","sec22","sec"
"AllVideo","146","1 นาที PDPA :จัดให้มีมาตรการรักษาความมั่นคงปลอดภัยของข้อมูล","https://www.youtube.com/watch?v=YesY2EaALuw","คลังความรู้ Prajan: วิดีโอ หัวข้อ ""1 นาที PDPA :จัดให้มีมาตรการรักษาความมั่นคงปลอดภัยของข้อมูล"" สำหรับใช้ค้นหาและอ้างอิงเมื่อลูกค้าถามเรื่องที่เกี่ยวข้อง","PDPA, ข้อมูลส่วนบุคคล, Privacy","pdpa84","pdpa"
"AllVideo","147","1 นาที PDPA :เปิดให้เจ้าของข้อมูลส่วนบุคคลใช้สิทธิโดยง่าย","https://www.youtube.com/watch?v=bqvdcxwWUn0","คลังความรู้ Prajan: วิดีโอ หัวข้อ ""1 นาที PDPA :เปิดให้เจ้าของข้อมูลส่วนบุคคลใช้สิทธิโดยง่าย"" สำหรับใช้ค้นหาและอ้างอิงเมื่อลูกค้าถามเรื่องที่เกี่ยวข้อง","PDPA, ข้อมูลส่วนบุคคล, Privacy","pdpa85","pdpa"
"AllVideo","148","1 นาที PDPA:ผู้ควบคุมข้อมูลส่วนบุคคล:เก็บรวบรวม ใช้งาน เปิดเผย ข้อมูลส่วนบุคคลให้เป็นไปตามฐานกฎหมาย","https://www.youtube.com/watch?v=7xyuueISwME","คลังความรู้ Prajan: วิดีโอ หัวข้อ ""1 นาที PDPA:ผู้ควบคุมข้อมูลส่วนบุคคล:เก็บรวบรวม ใช้งาน เปิดเผย ข้อมูลส่วนบุคคลให้เป็นไปตามฐานกฎหมาย"" สำหรับใช้ค้นหาและอ้างอิงเมื่อลูกค้าถามเรื่องที่เกี่ยวข้อง","PDPA, ข้อมูลส่วนบุคคล, Privacy, Compliance, กฎหมาย, DPO, ผู้ควบคุมข้อมูล","dpo05","dpo"
"AllVideo","149","สู่ความสำเร็จPDPA","https://www.youtube.com/watch?v=sirA2GZFEz4","คลังความรู้ Prajan: วิดีโอ หัวข้อ ""สู่ความสำเร็จPDPA"" สำหรับใช้ค้นหาและอ้างอิงเมื่อลูกค้าถามเรื่องที่เกี่ยวข้อง","PDPA, ข้อมูลส่วนบุคคล, Privacy","pdpa86","pdpa"
"AllVideo","150","คู่มือแนวทางปฏิบัติPDPA โดย PDPACheck","https://www.youtube.com/watch?v=hQEP1QSvNc8","คลังความรู้ Prajan: วิดีโอ หัวข้อ ""คู่มือแนวทางปฏิบัติPDPA โดย PDPACheck"" สำหรับใช้ค้นหาและอ้างอิงเมื่อลูกค้าถามเรื่องที่เกี่ยวข้อง","PDPA, ข้อมูลส่วนบุคคล, Privacy","pdpa87","pdpa"
"AllVideo","151","Review เอกการกฏหมายคุ้มครองข้อมูลส่วนบุคคล (PDPA)ช่วยประหยัดเวลาการศึกษาPDPA","https://www.youtube.com/watch?v=gN6f2gysMNg","คลังความรู้ Prajan: วิดีโอ หัวข้อ ""Review เอกการกฏหมายคุ้มครองข้อมูลส่วนบุคคล (PDPA)ช่วยประหยัดเวลาการศึกษาPDPA"" สำหรับใช้ค้นหาและอ้างอิงเมื่อลูกค้าถามเรื่องที่เกี่ยวข้อง","PDPA, ข้อมูลส่วนบุคคล, Privacy","pdpa88","pdpa"
"AllVideo","152","🔑ภาคปฏิบัติการสร้าง  Cookie Consent สำหรับ Wordpress","https://www.youtube.com/watch?v=BT7w_hefIok","คลังความรู้ Prajan: วิดีโอ หัวข้อ ""🔑ภาคปฏิบัติการสร้าง  Cookie Consent สำหรับ Wordpress"" สำหรับใช้ค้นหาและอ้างอิงเมื่อลูกค้าถามเรื่องที่เกี่ยวข้อง","Consent, Cookie, Privacy Notice","consent13","consent"
"AllVideo","153","🔑ภาคปฏิบัติทำนโยบาย แจ้งเตือน ขอความยินยอม ตัวอย่างการสร้าง Mail Marketing เพื่อเก็บข้อมูลลูกค้า","https://www.youtube.com/watch?v=eq1CDKB4X2s","คลังความรู้ Prajan: วิดีโอ หัวข้อ ""🔑ภาคปฏิบัติทำนโยบาย แจ้งเตือน ขอความยินยอม ตัวอย่างการสร้าง Mail Marketing เพื่อเก็บข้อมูลลูกค้า"" สำหรับใช้ค้นหาและอ้างอิงเมื่อลูกค้าถามเรื่องที่เกี่ยวข้อง","Consent, Cookie, Privacy Notice, เอกสาร PDPA, Policy","consent14","consent"
"AllVideo","154","เจ้าของข้อมูลส่วนบุคคล มีสิทธิและสามาถถูกปฏิเสธสิทธิได้","https://www.youtube.com/watch?v=ZOAcDUfRPkE","คลังความรู้ Prajan: วิดีโอ หัวข้อ ""เจ้าของข้อมูลส่วนบุคคล มีสิทธิและสามาถถูกปฏิเสธสิทธิได้"" สำหรับใช้ค้นหาและอ้างอิงเมื่อลูกค้าถามเรื่องที่เกี่ยวข้อง","PDPA, ข้อมูลส่วนบุคคล, Privacy","pdpa89","pdpa"
"AllVideo","155","EP 2 การแจ้งรายละเอียดเกี่ยวก้บการรวบรวม ใช้และเปิดเผยข้อมูลส่วนบุคคล","https://www.youtube.com/watch?v=DtkEfIn0WQs","คลังความรู้ Prajan: วิดีโอ หัวข้อ ""EP 2 การแจ้งรายละเอียดเกี่ยวก้บการรวบรวม ใช้และเปิดเผยข้อมูลส่วนบุคคล"" สำหรับใช้ค้นหาและอ้างอิงเมื่อลูกค้าถามเรื่องที่เกี่ยวข้อง","PDPA, ข้อมูลส่วนบุคคล, Privacy","pdpa90","pdpa"
"AllVideo","156","EP 1 หน้าที่ ของผู้ควบคุมข้อมูลส่วนบุคคล ที่PDPAกำหนดให้ผู้ที่รวบรวมจัดเก็บเปิดเผยใช้งานข้อมูลทำ","https://www.youtube.com/watch?v=mjNzNt8hDdo","คลังความรู้ Prajan: วิดีโอ หัวข้อ ""EP 1 หน้าที่ ของผู้ควบคุมข้อมูลส่วนบุคคล ที่PDPAกำหนดให้ผู้ที่รวบรวมจัดเก็บเปิดเผยใช้งานข้อมูลทำ"" สำหรับใช้ค้นหาและอ้างอิงเมื่อลูกค้าถามเรื่องที่เกี่ยวข้อง","PDPA, ข้อมูลส่วนบุคคล, Privacy, DPO, ผู้ควบคุมข้อมูล","dpo06","dpo"
"AllShort","1","🔒 ลดความเสี่ยงข้อมูลรั่วไหล… โดยไม่ต้องแก้ระบบหลังบ้าน","https://www.youtube.com/watch?v=R6vPF77BCJ4","คลังความรู้ Prajan: Short/Reel หัวข้อ ""🔒 ลดความเสี่ยงข้อมูลรั่วไหล… โดยไม่ต้องแก้ระบบหลังบ้าน"" สำหรับใช้ค้นหาและอ้างอิงเมื่อลูกค้าถามเรื่องที่เกี่ยวข้อง","Security, Cybersecurity, Data Protection","sec23","sec"
"AllShort","2","IDC สำคัญกับ SMEs เราอย่างไร","https://www.youtube.com/watch?v=coqjsdDsbUU","คลังความรู้ Prajan: Short/Reel หัวข้อ ""IDC สำคัญกับ SMEs เราอย่างไร"" สำหรับใช้ค้นหาและอ้างอิงเมื่อลูกค้าถามเรื่องที่เกี่ยวข้อง","Prajan, Knowledge Base, Short/Reel","pdpa91","pdpa"
"AllShort","3","🎯 DPO ไม่ต้องทำงานคนเดียวอีกต่อไป!","https://www.youtube.com/watch?v=VgDym4qiVNk","คลังความรู้ Prajan: Short/Reel หัวข้อ ""🎯 DPO ไม่ต้องทำงานคนเดียวอีกต่อไป!"" สำหรับใช้ค้นหาและอ้างอิงเมื่อลูกค้าถามเรื่องที่เกี่ยวข้อง","DPO, ผู้ควบคุมข้อมูล","dpo07","dpo"
"AllShort","4","การโจมตีโรงไฟฟ้าในยูเครนปี 2015","https://www.youtube.com/watch?v=lxj3KOweeVE","คลังความรู้ Prajan: Short/Reel หัวข้อ ""การโจมตีโรงไฟฟ้าในยูเครนปี 2015"" สำหรับใช้ค้นหาและอ้างอิงเมื่อลูกค้าถามเรื่องที่เกี่ยวข้อง","Security, Cybersecurity, Data Protection","sec24","sec"
"AllShort","5","Wannacry มัลแวร์ Ransomware เรียกค่าไถ่ ทำไงดี ตอบ ทำอะไรไม่ได้ถ้าโดนไปแล้ว จริงหรือ ??","https://www.youtube.com/watch?v=gUt9i6yZL0U","คลังความรู้ Prajan: Short/Reel หัวข้อ ""Wannacry มัลแวร์ Ransomware เรียกค่าไถ่ ทำไงดี ตอบ ทำอะไรไม่ได้ถ้าโดนไปแล้ว จริงหรือ ??"" สำหรับใช้ค้นหาและอ้างอิงเมื่อลูกค้าถามเรื่องที่เกี่ยวข้อง","Security, Cybersecurity, Data Protection","sec25","sec"
"AllShort","6","เรียน Cyber Security เรียนแบบโจร รูปแบบ #cybersecurity","https://www.youtube.com/watch?v=3Alkb28nLOM","คลังความรู้ Prajan: Short/Reel หัวข้อ ""เรียน Cyber Security เรียนแบบโจร รูปแบบ #cybersecurity"" สำหรับใช้ค้นหาและอ้างอิงเมื่อลูกค้าถามเรื่องที่เกี่ยวข้อง","Security, Cybersecurity, Data Protection","sec26","sec"
"AllShort","7","หน่วยงานไม่มั่นใจว่าทำ PDPA ครบหรือไม่  #pdpa","https://www.youtube.com/watch?v=8fUYqD2jYq8","คลังความรู้ Prajan: Short/Reel หัวข้อ ""หน่วยงานไม่มั่นใจว่าทำ PDPA ครบหรือไม่  #pdpa"" สำหรับใช้ค้นหาและอ้างอิงเมื่อลูกค้าถามเรื่องที่เกี่ยวข้อง","PDPA, ข้อมูลส่วนบุคคล, Privacy","pdpa92","pdpa"
"AllShort","8","แนวทางทำPDPA 10 ด้านสอดคล้องกับมาตรฐานPDPA   Privacy Maturity Model","https://www.youtube.com/watch?v=l4nXHqeoV00","คลังความรู้ Prajan: Short/Reel หัวข้อ ""แนวทางทำPDPA 10 ด้านสอดคล้องกับมาตรฐานPDPA   Privacy Maturity Model"" สำหรับใช้ค้นหาและอ้างอิงเมื่อลูกค้าถามเรื่องที่เกี่ยวข้อง","PDPA, ข้อมูลส่วนบุคคล, Privacy","pdpa93","pdpa"
"AllShort","9","❤️อบรม PDPA ภาคปฏิบัติ มหาวิทยาลัยเทคโนโลยีมหานคร (อบรม Online)  วันที่ 21 มีนาคม 2568 #pdpa","https://www.youtube.com/watch?v=3pdYibLcXsA","คลังความรู้ Prajan: Short/Reel หัวข้อ ""❤️อบรม PDPA ภาคปฏิบัติ มหาวิทยาลัยเทคโนโลยีมหานคร (อบรม Online)  วันที่ 21 มีนาคม 2568 #pdpa"" สำหรับใช้ค้นหาและอ้างอิงเมื่อลูกค้าถามเรื่องที่เกี่ยวข้อง","PDPA, ข้อมูลส่วนบุคคล, Privacy, Training, Workshop","train13","train"
"AllShort","10","รู้หรือไม่? กฎหมายไทย 4 ฉบับนี้ ช่วยเสริมความแข็งแกร่งด้าน Cybersecurity ให้กับองค์กรของคุณ","https://www.youtube.com/watch?v=JJ6L_AK7Fxo","คลังความรู้ Prajan: Short/Reel หัวข้อ ""รู้หรือไม่? กฎหมายไทย 4 ฉบับนี้ ช่วยเสริมความแข็งแกร่งด้าน Cybersecurity ให้กับองค์กรของคุณ"" สำหรับใช้ค้นหาและอ้างอิงเมื่อลูกค้าถามเรื่องที่เกี่ยวข้อง","Security, Cybersecurity, Data Protection, Compliance, กฎหมาย","sec27","sec"
"AllShort","11","PDPA กวนใจ? 🤔 ให้คุณคูณ (Kunkoon) AI ช่วยสิ!","https://www.youtube.com/watch?v=3177Bz2-244","คลังความรู้ Prajan: Short/Reel หัวข้อ ""PDPA กวนใจ? 🤔 ให้คุณคูณ (Kunkoon) AI ช่วยสิ!"" สำหรับใช้ค้นหาและอ้างอิงเมื่อลูกค้าถามเรื่องที่เกี่ยวข้อง","PDPA, ข้อมูลส่วนบุคคล, Privacy, AI, Automation","ai11","ai"
"AllShort","12","ตัวอย่างการทำระบบ PDPA ผ่าน Application PDPA","https://www.youtube.com/watch?v=-X-OldpR2FI","คลังความรู้ Prajan: Short/Reel หัวข้อ ""ตัวอย่างการทำระบบ PDPA ผ่าน Application PDPA"" สำหรับใช้ค้นหาและอ้างอิงเมื่อลูกค้าถามเรื่องที่เกี่ยวข้อง","PDPA, ข้อมูลส่วนบุคคล, Privacy","pdpa94","pdpa"
"AllShort","13","เริ่มต้นทำ PDPA แบบ EASY E-Receipt","https://www.youtube.com/watch?v=pijzNV5iUBQ","คลังความรู้ Prajan: Short/Reel หัวข้อ ""เริ่มต้นทำ PDPA แบบ EASY E-Receipt"" สำหรับใช้ค้นหาและอ้างอิงเมื่อลูกค้าถามเรื่องที่เกี่ยวข้อง","PDPA, ข้อมูลส่วนบุคคล, Privacy","pdpa95","pdpa"
"AllShort","14","🇨🇳💰 在泰国合法交易加密货币！🇺🇸💰 Legally trade cryptocurrency in Thailand!","https://www.youtube.com/watch?v=QdzzbwA75Sg","คลังความรู้ Prajan: Short/Reel หัวข้อ ""🇨🇳💰 在泰国合法交易加密货币！🇺🇸💰 Legally trade cryptocurrency in Thailand!"" สำหรับใช้ค้นหาและอ้างอิงเมื่อลูกค้าถามเรื่องที่เกี่ยวข้อง","Prajan, Knowledge Base, Short/Reel","pdpa96","pdpa"
"AllShort","15","มุกใหม่ๆของ CallCenter เกิดจาก AI (Zero Day ATTACK)","https://www.youtube.com/watch?v=xiikQuimTEw","คลังความรู้ Prajan: Short/Reel หัวข้อ ""มุกใหม่ๆของ CallCenter เกิดจาก AI (Zero Day ATTACK)"" สำหรับใช้ค้นหาและอ้างอิงเมื่อลูกค้าถามเรื่องที่เกี่ยวข้อง","AI, Automation","ai12","ai"
"AllShort","16","การมาของ AI Agent เกี่ยวกับ PDPA #pdpa #cybersecurity","https://www.youtube.com/watch?v=6DcpmVe7BaU","คลังความรู้ Prajan: Short/Reel หัวข้อ ""การมาของ AI Agent เกี่ยวกับ PDPA #pdpa #cybersecurity"" สำหรับใช้ค้นหาและอ้างอิงเมื่อลูกค้าถามเรื่องที่เกี่ยวข้อง","PDPA, ข้อมูลส่วนบุคคล, Privacy, Security, Cybersecurity, Data Protection, AI, Automation","ai13","ai"
"AllShort","17","❤️ตอบปัญหาการเข้าเป็นพันธมิตรกับเรา  ตอบปัญหา  EP_4 AI มาเราต้องปรับตัว","https://www.youtube.com/watch?v=qMtK3dPXgz0","คลังความรู้ Prajan: Short/Reel หัวข้อ ""❤️ตอบปัญหาการเข้าเป็นพันธมิตรกับเรา  ตอบปัญหา  EP_4 AI มาเราต้องปรับตัว"" สำหรับใช้ค้นหาและอ้างอิงเมื่อลูกค้าถามเรื่องที่เกี่ยวข้อง","AI, Automation","ai14","ai"
"AllShort","18","การโจมตีแบบ Zero Day คือ การโจมตีที่พบช่องโหว่แต่ยังไม่ update #pdpa","https://www.youtube.com/watch?v=qWO6jHSwdP4","คลังความรู้ Prajan: Short/Reel หัวข้อ ""การโจมตีแบบ Zero Day คือ การโจมตีที่พบช่องโหว่แต่ยังไม่ update #pdpa"" สำหรับใช้ค้นหาและอ้างอิงเมื่อลูกค้าถามเรื่องที่เกี่ยวข้อง","PDPA, ข้อมูลส่วนบุคคล, Privacy, Security, Cybersecurity, Data Protection","sec28","sec"
"AllShort","19","❤️ตอบปัญหาการเข้าเป็นพันธมิตรกับเรา  EP_3 การทำงานร่วมพันธมิตร  #pdpa","https://www.youtube.com/watch?v=iBmazHFCzDQ","คลังความรู้ Prajan: Short/Reel หัวข้อ ""❤️ตอบปัญหาการเข้าเป็นพันธมิตรกับเรา  EP_3 การทำงานร่วมพันธมิตร  #pdpa"" สำหรับใช้ค้นหาและอ้างอิงเมื่อลูกค้าถามเรื่องที่เกี่ยวข้อง","PDPA, ข้อมูลส่วนบุคคล, Privacy","pdpa97","pdpa"
"AllShort","20","❤️ตอบปัญหาการเข้าเป็นพันธมิตรกับเรา  EP_3 การทำงานร่วมพันธมิตร","https://www.youtube.com/watch?v=R4aT_bY3OSU","คลังความรู้ Prajan: Short/Reel หัวข้อ ""❤️ตอบปัญหาการเข้าเป็นพันธมิตรกับเรา  EP_3 การทำงานร่วมพันธมิตร"" สำหรับใช้ค้นหาและอ้างอิงเมื่อลูกค้าถามเรื่องที่เกี่ยวข้อง","Prajan, Knowledge Base, Short/Reel","pdpa98","pdpa"
"AllShort","21","❤️ตอบปัญหาการเข้าเป็นพันธมิตรกับเรา   EP_2 เราไม่เอาข้อมูลไปแอบอ้าง","https://www.youtube.com/watch?v=O6IJqgMMkNg","คลังความรู้ Prajan: Short/Reel หัวข้อ ""❤️ตอบปัญหาการเข้าเป็นพันธมิตรกับเรา   EP_2 เราไม่เอาข้อมูลไปแอบอ้าง"" สำหรับใช้ค้นหาและอ้างอิงเมื่อลูกค้าถามเรื่องที่เกี่ยวข้อง","Prajan, Knowledge Base, Short/Reel","pdpa99","pdpa"
"AllShort","22","ตอบปัญหา  EP_1 วัตถุประสงค์ของโครงการพันธมิตร DPO กับเรา","https://www.youtube.com/watch?v=20LOQkthv2w","คลังความรู้ Prajan: Short/Reel หัวข้อ ""ตอบปัญหา  EP_1 วัตถุประสงค์ของโครงการพันธมิตร DPO กับเรา"" สำหรับใช้ค้นหาและอ้างอิงเมื่อลูกค้าถามเรื่องที่เกี่ยวข้อง","DPO, ผู้ควบคุมข้อมูล","dpo08","dpo"
"AllShort","23","เซ็น MOU เพื่อไปหลอกลวงนักธุรกิจชาติเดียวกัน #pdpa","https://www.youtube.com/watch?v=HFKUx1aJQOw","คลังความรู้ Prajan: Short/Reel หัวข้อ ""เซ็น MOU เพื่อไปหลอกลวงนักธุรกิจชาติเดียวกัน #pdpa"" สำหรับใช้ค้นหาและอ้างอิงเมื่อลูกค้าถามเรื่องที่เกี่ยวข้อง","PDPA, ข้อมูลส่วนบุคคล, Privacy","pdpa100","pdpa"
"AllShort","24","ความโปร่งใส (Transparency)  การทำประกาศแจ้งเตือน ตามบันทึกรายการกิจกรรม","https://www.youtube.com/watch?v=flpRUByFEmM","คลังความรู้ Prajan: Short/Reel หัวข้อ ""ความโปร่งใส (Transparency)  การทำประกาศแจ้งเตือน ตามบันทึกรายการกิจกรรม"" สำหรับใช้ค้นหาและอ้างอิงเมื่อลูกค้าถามเรื่องที่เกี่ยวข้อง","Consent, Cookie, Privacy Notice","consent15","consent"
"AllShort","25","Individuals' Rights (สิทธิของเจ้าของข้อมูลส่วนบุคคล)","https://www.youtube.com/watch?v=G2Osvillbi4","คลังความรู้ Prajan: Short/Reel หัวข้อ ""Individuals' Rights (สิทธิของเจ้าของข้อมูลส่วนบุคคล)"" สำหรับใช้ค้นหาและอ้างอิงเมื่อลูกค้าถามเรื่องที่เกี่ยวข้อง","PDPA, ข้อมูลส่วนบุคคล, Privacy","pdpa101","pdpa"
"AllShort","26","การอบรม ของเราสอดคล้องกับเกณฑ์ที่สำนักงานคณะกรรมการคุ้มครองข้อมูลส่วนบุคคลกำหนด","https://www.youtube.com/watch?v=bNGjtt75biI","คลังความรู้ Prajan: Short/Reel หัวข้อ ""การอบรม ของเราสอดคล้องกับเกณฑ์ที่สำนักงานคณะกรรมการคุ้มครองข้อมูลส่วนบุคคลกำหนด"" สำหรับใช้ค้นหาและอ้างอิงเมื่อลูกค้าถามเรื่องที่เกี่ยวข้อง","PDPA, ข้อมูลส่วนบุคคล, Privacy, Training, Workshop","train14","train"
"AllShort","27","การTraining and awareness การอบรมและการสร้างความตระหนัก","https://www.youtube.com/watch?v=htUzxe0EtGw","คลังความรู้ Prajan: Short/Reel หัวข้อ ""การTraining and awareness การอบรมและการสร้างความตระหนัก"" สำหรับใช้ค้นหาและอ้างอิงเมื่อลูกค้าถามเรื่องที่เกี่ยวข้อง","Training, Workshop","train15","train"
"AllShort","28","การปฏิบัติงานจริง Poliy and Procedures นโยบายและแนวปฏิบัติ","https://www.youtube.com/watch?v=ER4-VK2pc9Y","คลังความรู้ Prajan: Short/Reel หัวข้อ ""การปฏิบัติงานจริง Poliy and Procedures นโยบายและแนวปฏิบัติ"" สำหรับใช้ค้นหาและอ้างอิงเมื่อลูกค้าถามเรื่องที่เกี่ยวข้อง","เอกสาร PDPA, Policy","pdpa102","pdpa"
"AllShort","29","Oversight กำกับดูแลคุ้มครองข้อมูลส่วนบุคคล","https://www.youtube.com/watch?v=benjYEM63UI","คลังความรู้ Prajan: Short/Reel หัวข้อ ""Oversight กำกับดูแลคุ้มครองข้อมูลส่วนบุคคล"" สำหรับใช้ค้นหาและอ้างอิงเมื่อลูกค้าถามเรื่องที่เกี่ยวข้อง","PDPA, ข้อมูลส่วนบุคคล, Privacy","pdpa103","pdpa"
"AllShort","30","โครงการ “ยกระดับภาคธุรกิจเพื่อป้องกันและรับมือภัยคุกคามทางไซเบอร์” #pdpa","https://www.youtube.com/watch?v=J3q9TkS0nZs","คลังความรู้ Prajan: Short/Reel หัวข้อ ""โครงการ “ยกระดับภาคธุรกิจเพื่อป้องกันและรับมือภัยคุกคามทางไซเบอร์” #pdpa"" สำหรับใช้ค้นหาและอ้างอิงเมื่อลูกค้าถามเรื่องที่เกี่ยวข้อง","PDPA, ข้อมูลส่วนบุคคล, Privacy","pdpa104","pdpa"
"AllShort","31","รองรับการเปลี่ยนแปลงในยุค Digital Transformation & AI &Office Automation #pdpa #cybersecurity","https://www.youtube.com/watch?v=kUbgIyQ24w0","คลังความรู้ Prajan: Short/Reel หัวข้อ ""รองรับการเปลี่ยนแปลงในยุค Digital Transformation & AI &Office Automation #pdpa #cybersecurity"" สำหรับใช้ค้นหาและอ้างอิงเมื่อลูกค้าถามเรื่องที่เกี่ยวข้อง","PDPA, ข้อมูลส่วนบุคคล, Privacy, Security, Cybersecurity, Data Protection, AI, Automation","ai15","ai"
"AllShort","32","อบรม PDPA ครบวงจร สู่ความมั่นคงปลอดภัยของข้อมูลส่วนบุคคล 🌟","https://www.youtube.com/watch?v=wTZLvLqbSTw","คลังความรู้ Prajan: Short/Reel หัวข้อ ""อบรม PDPA ครบวงจร สู่ความมั่นคงปลอดภัยของข้อมูลส่วนบุคคล 🌟"" สำหรับใช้ค้นหาและอ้างอิงเมื่อลูกค้าถามเรื่องที่เกี่ยวข้อง","PDPA, ข้อมูลส่วนบุคคล, Privacy, Training, Workshop","train16","train"
"AllShort","33","Game Change: ยกระดับมาตรฐาน Security ประเทศไทยด้วย PDPA สู่มาตรฐานระดับโลก","https://www.youtube.com/watch?v=kzGLxdGfRY4","คลังความรู้ Prajan: Short/Reel หัวข้อ ""Game Change: ยกระดับมาตรฐาน Security ประเทศไทยด้วย PDPA สู่มาตรฐานระดับโลก"" สำหรับใช้ค้นหาและอ้างอิงเมื่อลูกค้าถามเรื่องที่เกี่ยวข้อง","PDPA, ข้อมูลส่วนบุคคล, Privacy, Security, Cybersecurity, Data Protection","sec29","sec"
"AllShort","34","ตอนนี้หลายหน่วยงานภาครัฐแหน่วยงานกำกับดูแล (Regulator)กำลังจะมีระเบียบใหม่เรื่องCyber Security","https://www.youtube.com/watch?v=PFArzZMQovQ","คลังความรู้ Prajan: Short/Reel หัวข้อ ""ตอนนี้หลายหน่วยงานภาครัฐแหน่วยงานกำกับดูแล (Regulator)กำลังจะมีระเบียบใหม่เรื่องCyber Security"" สำหรับใช้ค้นหาและอ้างอิงเมื่อลูกค้าถามเรื่องที่เกี่ยวข้อง","Security, Cybersecurity, Data Protection","sec30","sec"
"AllShort","35","""ท้ายสุดแล้ว...คุณทำ PDPA เพื่ออะไร?"" #pdpa","https://www.youtube.com/watch?v=9B1JmIcgdjk","คลังความรู้ Prajan: Short/Reel หัวข้อ """"ท้ายสุดแล้ว...คุณทำ PDPA เพื่ออะไร?"" #pdpa"" สำหรับใช้ค้นหาและอ้างอิงเมื่อลูกค้าถามเรื่องที่เกี่ยวข้อง","PDPA, ข้อมูลส่วนบุคคล, Privacy","pdpa105","pdpa"
"AllShort","36","“อย่าพึ่งลงทำ PDPA ถ้ายังไม่ลองถาม SGC!”ก่อนจะลงทุนทำ PDPA #pdpa","https://www.youtube.com/watch?v=_Y4u_uQwHC4","คลังความรู้ Prajan: Short/Reel หัวข้อ ""“อย่าพึ่งลงทำ PDPA ถ้ายังไม่ลองถาม SGC!”ก่อนจะลงทุนทำ PDPA #pdpa"" สำหรับใช้ค้นหาและอ้างอิงเมื่อลูกค้าถามเรื่องที่เกี่ยวข้อง","PDPA, ข้อมูลส่วนบุคคล, Privacy","pdpa106","pdpa"
"AllShort","37","🎉แนวโน้มปี 2568 – กูรูแนะนำ: ต้องทำให้พร้อม! #pdpa #cybersecurity","https://www.youtube.com/watch?v=pGiGAjiFMMk","คลังความรู้ Prajan: Short/Reel หัวข้อ ""🎉แนวโน้มปี 2568 – กูรูแนะนำ: ต้องทำให้พร้อม! #pdpa #cybersecurity"" สำหรับใช้ค้นหาและอ้างอิงเมื่อลูกค้าถามเรื่องที่เกี่ยวข้อง","PDPA, ข้อมูลส่วนบุคคล, Privacy, Security, Cybersecurity, Data Protection","sec31","sec"
"AllShort","38","""อยู่ดี ๆ ก็ซวย!""ชื่อหน่วยงานถูกนำไปแอบอ้างใช้หลอกประชาชน","https://www.youtube.com/watch?v=_AxttCJF4k0","คลังความรู้ Prajan: Short/Reel หัวข้อ """"อยู่ดี ๆ ก็ซวย!""ชื่อหน่วยงานถูกนำไปแอบอ้างใช้หลอกประชาชน"" สำหรับใช้ค้นหาและอ้างอิงเมื่อลูกค้าถามเรื่องที่เกี่ยวข้อง","Prajan, Knowledge Base, Short/Reel","pdpa107","pdpa"
"AllShort","39","💻 ปกป้ององค์กรของคุณจาก ภัย Cyber และ แก๊ง Call Center ด้วยมาตรฐาน PDPA","https://www.youtube.com/watch?v=IK0vk6fEtQY","คลังความรู้ Prajan: Short/Reel หัวข้อ ""💻 ปกป้ององค์กรของคุณจาก ภัย Cyber และ แก๊ง Call Center ด้วยมาตรฐาน PDPA"" สำหรับใช้ค้นหาและอ้างอิงเมื่อลูกค้าถามเรื่องที่เกี่ยวข้อง","PDPA, ข้อมูลส่วนบุคคล, Privacy, Security, Cybersecurity, Data Protection","sec32","sec"
"AllShort","40","สร้างมาตรฐาน PDPA = ตัดวงจรภัย Call Center","https://www.youtube.com/watch?v=y3CzHbpNPpI","คลังความรู้ Prajan: Short/Reel หัวข้อ ""สร้างมาตรฐาน PDPA = ตัดวงจรภัย Call Center"" สำหรับใช้ค้นหาและอ้างอิงเมื่อลูกค้าถามเรื่องที่เกี่ยวข้อง","PDPA, ข้อมูลส่วนบุคคล, Privacy","pdpa108","pdpa"
"AllShort","41","👻เพกาซัส (Pegasus) เป็นซอฟต์แวร์สปายแวร์ (Spyware)","https://www.youtube.com/watch?v=5qPXM5TCXwA","คลังความรู้ Prajan: Short/Reel หัวข้อ ""👻เพกาซัส (Pegasus) เป็นซอฟต์แวร์สปายแวร์ (Spyware)"" สำหรับใช้ค้นหาและอ้างอิงเมื่อลูกค้าถามเรื่องที่เกี่ยวข้อง","Prajan, Knowledge Base, Short/Reel","pdpa109","pdpa"
"AllShort","42","🎙️: ""ถ้าข้อมูลลูกค้าของคุณหลุดไป คุณจะทำยังไง? 😱 อย่าปล่อยให้ข้อมูลขององค์กรตกอยู่ในมือของคนผิด!""","https://www.youtube.com/watch?v=HJHjli-SG58","คลังความรู้ Prajan: Short/Reel หัวข้อ ""🎙️: ""ถ้าข้อมูลลูกค้าของคุณหลุดไป คุณจะทำยังไง? 😱 อย่าปล่อยให้ข้อมูลขององค์กรตกอยู่ในมือของคนผิด!"""" สำหรับใช้ค้นหาและอ้างอิงเมื่อลูกค้าถามเรื่องที่เกี่ยวข้อง","Prajan, Knowledge Base, Short/Reel","pdpa110","pdpa"
"AllShort","43","Short/Reel lP5JqY_JNZY","https://www.youtube.com/watch?v=lP5JqY_JNZY","คลังความรู้ Prajan: Short/Reel หัวข้อ ""Short/Reel lP5JqY_JNZY"" สำหรับใช้ค้นหาและอ้างอิงเมื่อลูกค้าถามเรื่องที่เกี่ยวข้อง","Prajan, Knowledge Base, Short/Reel","pdpa111","pdpa"
"AllShort","44","ทำไมธุรกิจถึงควรมี Trustmark PDPAช่วยเพิ่มความน่าเชื่อถือ  #PDPACompliance  #prohibiteditems","https://www.youtube.com/watch?v=YvJd9rHX1qg","คลังความรู้ Prajan: Short/Reel หัวข้อ ""ทำไมธุรกิจถึงควรมี Trustmark PDPAช่วยเพิ่มความน่าเชื่อถือ  #PDPACompliance  #prohibiteditems"" สำหรับใช้ค้นหาและอ้างอิงเมื่อลูกค้าถามเรื่องที่เกี่ยวข้อง","PDPA, ข้อมูลส่วนบุคคล, Privacy, Compliance, กฎหมาย, Trustmark PDPA, Certification","train17","train"
"AllShort","45","ประโยชน์ของ Trustmark PDPAความโปร่งใส เพิ่มความเชื่อมั่นในธุรกิจ #PDPA #Trustmark #ธุรกิจยั่งยืน","https://www.youtube.com/watch?v=xZoIMt713S4","คลังความรู้ Prajan: Short/Reel หัวข้อ ""ประโยชน์ของ Trustmark PDPAความโปร่งใส เพิ่มความเชื่อมั่นในธุรกิจ #PDPA #Trustmark #ธุรกิจยั่งยืน"" สำหรับใช้ค้นหาและอ้างอิงเมื่อลูกค้าถามเรื่องที่เกี่ยวข้อง","PDPA, ข้อมูลส่วนบุคคล, Privacy, Trustmark PDPA, Certification","train18","train"
"AllShort","46","เอกสารที่ต้องเตรียมสำหรับ Trustmark PDPAเช็คลิสต์เอกสารที่จำเป็นในการยื่นขอ Trustmark PDPA #PDPA","https://www.youtube.com/watch?v=p8yCX3UhDLA","คลังความรู้ Prajan: Short/Reel หัวข้อ ""เอกสารที่ต้องเตรียมสำหรับ Trustmark PDPAเช็คลิสต์เอกสารที่จำเป็นในการยื่นขอ Trustmark PDPA #PDPA"" สำหรับใช้ค้นหาและอ้างอิงเมื่อลูกค้าถามเรื่องที่เกี่ยวข้อง","PDPA, ข้อมูลส่วนบุคคล, Privacy, Trustmark PDPA, Certification, เอกสาร PDPA, Policy","train19","train"
"AllShort","47","ขั้นตอนการขอ Trustmark PDPA #PDPACompliance #Trustmark #dataprotection","https://www.youtube.com/watch?v=FklY6t_IjSU","คลังความรู้ Prajan: Short/Reel หัวข้อ ""ขั้นตอนการขอ Trustmark PDPA #PDPACompliance #Trustmark #dataprotection"" สำหรับใช้ค้นหาและอ้างอิงเมื่อลูกค้าถามเรื่องที่เกี่ยวข้อง","PDPA, ข้อมูลส่วนบุคคล, Privacy, Compliance, กฎหมาย, Trustmark PDPA, Certification","train20","train"
"AllShort","48","Yeepeng International 2024","https://www.youtube.com/watch?v=H3O_M639VAg","คลังความรู้ Prajan: Short/Reel หัวข้อ ""Yeepeng International 2024"" สำหรับใช้ค้นหาและอ้างอิงเมื่อลูกค้าถามเรื่องที่เกี่ยวข้อง","Prajan, Knowledge Base, Short/Reel","pdpa112","pdpa"
"AllShort","49","📢 ข่าวสำคัญ! หน่วยงานรัฐเร่งผลักดันการปฏิบัติตาม PDPA และ พ.ร.บ.ไซเบอร์  #trustmarkpdpa","https://www.youtube.com/watch?v=dmYXNKVO6f0","คลังความรู้ Prajan: Short/Reel หัวข้อ ""📢 ข่าวสำคัญ! หน่วยงานรัฐเร่งผลักดันการปฏิบัติตาม PDPA และ พ.ร.บ.ไซเบอร์  #trustmarkpdpa"" สำหรับใช้ค้นหาและอ้างอิงเมื่อลูกค้าถามเรื่องที่เกี่ยวข้อง","PDPA, ข้อมูลส่วนบุคคล, Privacy, Trustmark PDPA, Certification","train21","train"
"AllShort","50","""รับรองมาตรฐาน PDPA พร้อม Trustmark!""","https://www.youtube.com/watch?v=N_GSQe7Cd5E","คลังความรู้ Prajan: Short/Reel หัวข้อ """"รับรองมาตรฐาน PDPA พร้อม Trustmark!"""" สำหรับใช้ค้นหาและอ้างอิงเมื่อลูกค้าถามเรื่องที่เกี่ยวข้อง","PDPA, ข้อมูลส่วนบุคคล, Privacy, Trustmark PDPA, Certification","train22","train"
"AllShort","51","Yeepeng International Prohibited Item /Not Allow","https://www.youtube.com/watch?v=3Rbl5FsTB2M","คลังความรู้ Prajan: Short/Reel หัวข้อ ""Yeepeng International Prohibited Item /Not Allow"" สำหรับใช้ค้นหาและอ้างอิงเมื่อลูกค้าถามเรื่องที่เกี่ยวข้อง","Prajan, Knowledge Base, Short/Reel","pdpa113","pdpa"
"AllShort","52","ทำอย่างไรหน่วยงานถูกแอบอ้างทำอย่างไร","https://www.youtube.com/watch?v=lHY8wMZA0Ko","คลังความรู้ Prajan: Short/Reel หัวข้อ ""ทำอย่างไรหน่วยงานถูกแอบอ้างทำอย่างไร"" สำหรับใช้ค้นหาและอ้างอิงเมื่อลูกค้าถามเรื่องที่เกี่ยวข้อง","Prajan, Knowledge Base, Short/Reel","pdpa114","pdpa"
"AllShort","53","ระบบPOS สำหรับขายสินค้าอื่นๆพร้อมกับการบริการซักอบรีด เพิ่มรายได้จบในที่เดียว","https://www.youtube.com/watch?v=qwjtUaOMccY","คลังความรู้ Prajan: Short/Reel หัวข้อ ""ระบบPOS สำหรับขายสินค้าอื่นๆพร้อมกับการบริการซักอบรีด เพิ่มรายได้จบในที่เดียว"" สำหรับใช้ค้นหาและอ้างอิงเมื่อลูกค้าถามเรื่องที่เกี่ยวข้อง","บริการ, Consulting","svc03","svc"
"AllShort","54","การสร้างระบบการสื่อ SMS สารอัตโนมัติสำหรับให้ลูกค้ารู้สึกถึงความใส่ใจรายละเอียด","https://www.youtube.com/watch?v=DyvzY6FOpIo","คลังความรู้ Prajan: Short/Reel หัวข้อ ""การสร้างระบบการสื่อ SMS สารอัตโนมัติสำหรับให้ลูกค้ารู้สึกถึงความใส่ใจรายละเอียด"" สำหรับใช้ค้นหาและอ้างอิงเมื่อลูกค้าถามเรื่องที่เกี่ยวข้อง","AI, Automation","ai16","ai"
"AllShort","55","ระบบโปรโมชั่น เพื่อสร้าง brand royalty สำหรับลูกค้ารู้สึกถึงความพิเศษความใส่ใจและความมีน้ำใจของร้าน","https://www.youtube.com/watch?v=8HiqjCtqaiU","คลังความรู้ Prajan: Short/Reel หัวข้อ ""ระบบโปรโมชั่น เพื่อสร้าง brand royalty สำหรับลูกค้ารู้สึกถึงความพิเศษความใส่ใจและความมีน้ำใจของร้าน"" สำหรับใช้ค้นหาและอ้างอิงเมื่อลูกค้าถามเรื่องที่เกี่ยวข้อง","Prajan, Knowledge Base, Short/Reel","pdpa115","pdpa"
"AllShort","56","การจัดเก็บข้อมูลลูกค้าและประวัติของผ้าพร้อมความรู้สึกของลูกค้าเท่าเทียมกัน","https://www.youtube.com/watch?v=oSHfcgqMqII","คลังความรู้ Prajan: Short/Reel หัวข้อ ""การจัดเก็บข้อมูลลูกค้าและประวัติของผ้าพร้อมความรู้สึกของลูกค้าเท่าเทียมกัน"" สำหรับใช้ค้นหาและอ้างอิงเมื่อลูกค้าถามเรื่องที่เกี่ยวข้อง","Prajan, Knowledge Base, Short/Reel","pdpa116","pdpa"
"AllShort","57","การกำหนดกำลังการผลิตซักอบรีดผ้าการวางแผนอย่างรอบคอบช่วยให้งานออกมาเป็นระบบ Premium มากขึ้น","https://www.youtube.com/watch?v=vyQlN4WdAeU","คลังความรู้ Prajan: Short/Reel หัวข้อ ""การกำหนดกำลังการผลิตซักอบรีดผ้าการวางแผนอย่างรอบคอบช่วยให้งานออกมาเป็นระบบ Premium มากขึ้น"" สำหรับใช้ค้นหาและอ้างอิงเมื่อลูกค้าถามเรื่องที่เกี่ยวข้อง","Prajan, Knowledge Base, Short/Reel","pdpa117","pdpa"
"AllShort","58","การกำหนดราคา  ปลดปล่อยความยุ่งยากในอดีต ความรู้สามารถถ่ายทอดได้โดยง่ายผ่านระบบคอมพิวเตอร์","https://www.youtube.com/watch?v=CLoplHn4j8g","คลังความรู้ Prajan: Short/Reel หัวข้อ ""การกำหนดราคา  ปลดปล่อยความยุ่งยากในอดีต ความรู้สามารถถ่ายทอดได้โดยง่ายผ่านระบบคอมพิวเตอร์"" สำหรับใช้ค้นหาและอ้างอิงเมื่อลูกค้าถามเรื่องที่เกี่ยวข้อง","Prajan, Knowledge Base, Short/Reel","pdpa118","pdpa"
"AllShort","59","คุณรู้หรือไม่ว่า 90% ของเว็บไซต์ในประเทศไทยยังทำผิด PDPA? 😱#PDPACompliance  #Cybersecurity","https://www.youtube.com/watch?v=zRYWqCdic1E","คลังความรู้ Prajan: Short/Reel หัวข้อ ""คุณรู้หรือไม่ว่า 90% ของเว็บไซต์ในประเทศไทยยังทำผิด PDPA? 😱#PDPACompliance  #Cybersecurity"" สำหรับใช้ค้นหาและอ้างอิงเมื่อลูกค้าถามเรื่องที่เกี่ยวข้อง","PDPA, ข้อมูลส่วนบุคคล, Privacy, Security, Cybersecurity, Data Protection, Compliance, กฎหมาย","sec33","sec"
"AllShort","60","กรณี ศึกษาการแจ้งละเมิด จากหน่วยราชการ","https://www.youtube.com/watch?v=9PHeqq6MsZc","คลังความรู้ Prajan: Short/Reel หัวข้อ ""กรณี ศึกษาการแจ้งละเมิด จากหน่วยราชการ"" สำหรับใช้ค้นหาและอ้างอิงเมื่อลูกค้าถามเรื่องที่เกี่ยวข้อง","Prajan, Knowledge Base, Short/Reel","pdpa119","pdpa"
"AllShort","61","🔐 เสริมเกราะป้องกันองค์กรของคุณด้วย ""Security Awareness"" จาก PDPACheck.com!","https://www.youtube.com/watch?v=wIVO4KBDjdY","คลังความรู้ Prajan: Short/Reel หัวข้อ ""🔐 เสริมเกราะป้องกันองค์กรของคุณด้วย ""Security Awareness"" จาก PDPACheck.com!"" สำหรับใช้ค้นหาและอ้างอิงเมื่อลูกค้าถามเรื่องที่เกี่ยวข้อง","PDPA, ข้อมูลส่วนบุคคล, Privacy, Security, Cybersecurity, Data Protection","sec34","sec"
"AllShort","62","🚨 โปรโมชั่นพิเศษ! บริการ PDPA Compliance ครบวงจร 🛡️✨","https://www.youtube.com/watch?v=-iO_RuZBLXw","คลังความรู้ Prajan: Short/Reel หัวข้อ ""🚨 โปรโมชั่นพิเศษ! บริการ PDPA Compliance ครบวงจร 🛡️✨"" สำหรับใช้ค้นหาและอ้างอิงเมื่อลูกค้าถามเรื่องที่เกี่ยวข้อง","PDPA, ข้อมูลส่วนบุคคล, Privacy, บริการ, Consulting, Compliance, กฎหมาย","svc04","svc"
"AllShort","63","✨ ทำ PDPA ด้วย AI จาก PDPACheck.com ง่ายๆ","https://www.youtube.com/watch?v=_R3QX7S9bi8","คลังความรู้ Prajan: Short/Reel หัวข้อ ""✨ ทำ PDPA ด้วย AI จาก PDPACheck.com ง่ายๆ"" สำหรับใช้ค้นหาและอ้างอิงเมื่อลูกค้าถามเรื่องที่เกี่ยวข้อง","PDPA, ข้อมูลส่วนบุคคล, Privacy, AI, Automation","ai17","ai"
"AllShort","64","✨ ทำ PDPA ด้วย AI จาก PDPACheck.com ง่ายๆ","https://www.youtube.com/watch?v=tHaYZyr92Hs","คลังความรู้ Prajan: Short/Reel หัวข้อ ""✨ ทำ PDPA ด้วย AI จาก PDPACheck.com ง่ายๆ"" สำหรับใช้ค้นหาและอ้างอิงเมื่อลูกค้าถามเรื่องที่เกี่ยวข้อง","PDPA, ข้อมูลส่วนบุคคล, Privacy, AI, Automation","ai18","ai"
"AllShort","65","ก็ทำ PDPA แล้ว ทำไมยังถูกปรับ?","https://www.youtube.com/watch?v=WTw2WDVDyyc","คลังความรู้ Prajan: Short/Reel หัวข้อ ""ก็ทำ PDPA แล้ว ทำไมยังถูกปรับ?"" สำหรับใช้ค้นหาและอ้างอิงเมื่อลูกค้าถามเรื่องที่เกี่ยวข้อง","PDPA, ข้อมูลส่วนบุคคล, Privacy","pdpa120","pdpa"
"AllShort","66","ทำไมไม่มีใครอยากทำ PDPA กฏหมายคุ้มครองข้อมูลส่วนบุคคล 🤔","https://www.youtube.com/watch?v=yUngMX9NvoU","คลังความรู้ Prajan: Short/Reel หัวข้อ ""ทำไมไม่มีใครอยากทำ PDPA กฏหมายคุ้มครองข้อมูลส่วนบุคคล 🤔"" สำหรับใช้ค้นหาและอ้างอิงเมื่อลูกค้าถามเรื่องที่เกี่ยวข้อง","PDPA, ข้อมูลส่วนบุคคล, Privacy","pdpa121","pdpa"
"AllShort","67","✨ เฉพาะสำหรับหน่วยงานที่ต้องการทำ PDPA ✨📚 การอบรมทำ PDPA ด้วยตนเองกับ🚫 ไม่เสียค่าใช้จ่าย🔴📝","https://www.youtube.com/watch?v=U000yvhIPTA","คลังความรู้ Prajan: Short/Reel หัวข้อ ""✨ เฉพาะสำหรับหน่วยงานที่ต้องการทำ PDPA ✨📚 การอบรมทำ PDPA ด้วยตนเองกับ🚫 ไม่เสียค่าใช้จ่าย🔴📝"" สำหรับใช้ค้นหาและอ้างอิงเมื่อลูกค้าถามเรื่องที่เกี่ยวข้อง","PDPA, ข้อมูลส่วนบุคคล, Privacy, Training, Workshop","train23","train"
"AllShort","68","🔒 ปกป้องข้อมูลสำคัญของคุณ: อย่าลืมเข้ารหัสไฟล์ก่อนส่งออกนอกบริษัท! 🔒 #pdpa #cybersecurity #pdpacheck","https://www.youtube.com/watch?v=5cxgj09q5K4","คลังความรู้ Prajan: Short/Reel หัวข้อ ""🔒 ปกป้องข้อมูลสำคัญของคุณ: อย่าลืมเข้ารหัสไฟล์ก่อนส่งออกนอกบริษัท! 🔒 #pdpa #cybersecurity #pdpacheck"" สำหรับใช้ค้นหาและอ้างอิงเมื่อลูกค้าถามเรื่องที่เกี่ยวข้อง","PDPA, ข้อมูลส่วนบุคคล, Privacy, Security, Cybersecurity, Data Protection","sec35","sec"
"AllShort","69","🍪 Cookie Consent: อนุญาต หรือ ปฏิเสธ? 🤔 #pdpa #cybersecurity #pdpacheck","https://www.youtube.com/watch?v=F9t6AWCzok4","คลังความรู้ Prajan: Short/Reel หัวข้อ ""🍪 Cookie Consent: อนุญาต หรือ ปฏิเสธ? 🤔 #pdpa #cybersecurity #pdpacheck"" สำหรับใช้ค้นหาและอ้างอิงเมื่อลูกค้าถามเรื่องที่เกี่ยวข้อง","PDPA, ข้อมูลส่วนบุคคล, Privacy, Security, Cybersecurity, Data Protection, Consent, Cookie, Privacy Notice","consent16","consent"
"AllShort","70","🔒 ปกป้องความเป็นส่วนตัวของคุณ: ลบ User ที่ไม่ใช้ใน PC ของคุณ! 🔒 #pdpa #cybersecurity #pdpacheck #sgc","https://www.youtube.com/watch?v=yLN9VHQnBDs","คลังความรู้ Prajan: Short/Reel หัวข้อ ""🔒 ปกป้องความเป็นส่วนตัวของคุณ: ลบ User ที่ไม่ใช้ใน PC ของคุณ! 🔒 #pdpa #cybersecurity #pdpacheck #sgc"" สำหรับใช้ค้นหาและอ้างอิงเมื่อลูกค้าถามเรื่องที่เกี่ยวข้อง","PDPA, ข้อมูลส่วนบุคคล, Privacy, Security, Cybersecurity, Data Protection","sec36","sec"
"AllShort","71","การสร้างประกาศ/แจ้งเตือน ด้วย AI","https://www.youtube.com/watch?v=IuDOMStOdmc","คลังความรู้ Prajan: Short/Reel หัวข้อ ""การสร้างประกาศ/แจ้งเตือน ด้วย AI"" สำหรับใช้ค้นหาและอ้างอิงเมื่อลูกค้าถามเรื่องที่เกี่ยวข้อง","AI, Automation, Consent, Cookie, Privacy Notice","consent17","consent"
"AllShort","72","การสร้างประกาศ/แจ้งเตือน ด้วย AI","https://www.youtube.com/watch?v=8ys9BNLOWEI","คลังความรู้ Prajan: Short/Reel หัวข้อ ""การสร้างประกาศ/แจ้งเตือน ด้วย AI"" สำหรับใช้ค้นหาและอ้างอิงเมื่อลูกค้าถามเรื่องที่เกี่ยวข้อง","AI, Automation, Consent, Cookie, Privacy Notice","consent18","consent"
"AllShort","73","PDPA ไม่ใช่เรื่องยากอีกต่อไป! ทำได้เองง่ายๆ ฟรี! ไม่มีค่าใช้จ่าย! 🚀","https://www.youtube.com/watch?v=DOK6v7ruJ08","คลังความรู้ Prajan: Short/Reel หัวข้อ ""PDPA ไม่ใช่เรื่องยากอีกต่อไป! ทำได้เองง่ายๆ ฟรี! ไม่มีค่าใช้จ่าย! 🚀"" สำหรับใช้ค้นหาและอ้างอิงเมื่อลูกค้าถามเรื่องที่เกี่ยวข้อง","PDPA, ข้อมูลส่วนบุคคล, Privacy","pdpa122","pdpa"
"AllShort","74","ภัยไซเบอร์แบบ MINT เข้าโจมตีคุณแล้วหรือยัง?","https://www.youtube.com/watch?v=_wAm2Qgt-zw","คลังความรู้ Prajan: Short/Reel หัวข้อ ""ภัยไซเบอร์แบบ MINT เข้าโจมตีคุณแล้วหรือยัง?"" สำหรับใช้ค้นหาและอ้างอิงเมื่อลูกค้าถามเรื่องที่เกี่ยวข้อง","Security, Cybersecurity, Data Protection","sec37","sec"
"AllShort","75","อย่ารอให้ภัยมาถึงตัว! ปกป้ององค์กรของคุณจากภัยร้ายของ AI ด้วย #ความปลอดภัยAI #ภัยไซเบอร์ #AI","https://www.youtube.com/watch?v=PEprkEf4FW8","คลังความรู้ Prajan: Short/Reel หัวข้อ ""อย่ารอให้ภัยมาถึงตัว! ปกป้ององค์กรของคุณจากภัยร้ายของ AI ด้วย #ความปลอดภัยAI #ภัยไซเบอร์ #AI"" สำหรับใช้ค้นหาและอ้างอิงเมื่อลูกค้าถามเรื่องที่เกี่ยวข้อง","Security, Cybersecurity, Data Protection, AI, Automation","ai19","ai"
"AllShort","76","Live สด ที่ชุมชนทีไร เสี่ยงโดนถูกร้อง ถูกปรับ 500,000 บาททุกที ถ้าไม่ทำตาม PDPA #pdpa","https://www.youtube.com/watch?v=kgZ5yvVrlIY","คลังความรู้ Prajan: Short/Reel หัวข้อ ""Live สด ที่ชุมชนทีไร เสี่ยงโดนถูกร้อง ถูกปรับ 500,000 บาททุกที ถ้าไม่ทำตาม PDPA #pdpa"" สำหรับใช้ค้นหาและอ้างอิงเมื่อลูกค้าถามเรื่องที่เกี่ยวข้อง","PDPA, ข้อมูลส่วนบุคคล, Privacy","pdpa123","pdpa"
"AllShort","77","ภัยไซเบอร์ไม่ใช่เรื่องไกลตัว! ปกป้องธุรกิจของคุณก่อนจะสายเกินแก้ด้วย PDPA to Security จาก SGC #pdpa","https://www.youtube.com/watch?v=g6foXaHnI3Y","คลังความรู้ Prajan: Short/Reel หัวข้อ ""ภัยไซเบอร์ไม่ใช่เรื่องไกลตัว! ปกป้องธุรกิจของคุณก่อนจะสายเกินแก้ด้วย PDPA to Security จาก SGC #pdpa"" สำหรับใช้ค้นหาและอ้างอิงเมื่อลูกค้าถามเรื่องที่เกี่ยวข้อง","PDPA, ข้อมูลส่วนบุคคล, Privacy, Security, Cybersecurity, Data Protection","sec38","sec"
"AllShort","78","1 นาที PDPA : Insider Threats: ภัยร้ายใกล้ตัวที่คุณต้องระวัง!รู้หรือไม่?","https://www.youtube.com/watch?v=NG5zDNInxhc","คลังความรู้ Prajan: Short/Reel หัวข้อ ""1 นาที PDPA : Insider Threats: ภัยร้ายใกล้ตัวที่คุณต้องระวัง!รู้หรือไม่?"" สำหรับใช้ค้นหาและอ้างอิงเมื่อลูกค้าถามเรื่องที่เกี่ยวข้อง","PDPA, ข้อมูลส่วนบุคคล, Privacy","pdpa124","pdpa"
"AllShort","79","PDPA & Security: ทำไมต้องทำพร้อมกัน?  #PDPA #Security #Cybersecurity #SGC","https://www.youtube.com/watch?v=FwPRhoCzYrI","คลังความรู้ Prajan: Short/Reel หัวข้อ ""PDPA & Security: ทำไมต้องทำพร้อมกัน?  #PDPA #Security #Cybersecurity #SGC"" สำหรับใช้ค้นหาและอ้างอิงเมื่อลูกค้าถามเรื่องที่เกี่ยวข้อง","PDPA, ข้อมูลส่วนบุคคล, Privacy, Security, Cybersecurity, Data Protection","sec39","sec"
"AllShort","80","PDPA ทำยาก? ไม่ต้องกังวลอีกต่อไป! PDPA Check ช่วยให้การทำ PDPA เป็นเรื่องง่ายสำหรับหน่วยงานขนาดใหญ่","https://www.youtube.com/watch?v=2Br1gLDb22M","คลังความรู้ Prajan: Short/Reel หัวข้อ ""PDPA ทำยาก? ไม่ต้องกังวลอีกต่อไป! PDPA Check ช่วยให้การทำ PDPA เป็นเรื่องง่ายสำหรับหน่วยงานขนาดใหญ่"" สำหรับใช้ค้นหาและอ้างอิงเมื่อลูกค้าถามเรื่องที่เกี่ยวข้อง","PDPA, ข้อมูลส่วนบุคคล, Privacy","pdpa125","pdpa"
"AllShort","81","ประเมินความรู้ PDPA & เรียน E-Learning | PDPACheck","https://www.youtube.com/watch?v=GLE-CuUhaa0","คลังความรู้ Prajan: Short/Reel หัวข้อ ""ประเมินความรู้ PDPA & เรียน E-Learning | PDPACheck"" สำหรับใช้ค้นหาและอ้างอิงเมื่อลูกค้าถามเรื่องที่เกี่ยวข้อง","PDPA, ข้อมูลส่วนบุคคล, Privacy","pdpa126","pdpa"
"AllShort","82","📢 เอกสาร PDPA เยอะจนปวดหัว?ลองใช้ PDPA Check สิ #PDPA #PDPAcheck #ตัวช่วยPDPA #ง่ายกว่าที่คิด","https://www.youtube.com/watch?v=dxkUtQRfvk4","คลังความรู้ Prajan: Short/Reel หัวข้อ ""📢 เอกสาร PDPA เยอะจนปวดหัว?ลองใช้ PDPA Check สิ #PDPA #PDPAcheck #ตัวช่วยPDPA #ง่ายกว่าที่คิด"" สำหรับใช้ค้นหาและอ้างอิงเมื่อลูกค้าถามเรื่องที่เกี่ยวข้อง","PDPA, ข้อมูลส่วนบุคคล, Privacy, เอกสาร PDPA, Policy","pdpa127","pdpa"
"AllShort","83","PDPA ทำยาก ปวดหัวเรื่องเอกสาร? #PDPA #PDPAcheck #ตัวช่วยPDPA #ธุรกิจ #ลดต้นทุน","https://www.youtube.com/watch?v=lU4rN3OTJdw","คลังความรู้ Prajan: Short/Reel หัวข้อ ""PDPA ทำยาก ปวดหัวเรื่องเอกสาร? #PDPA #PDPAcheck #ตัวช่วยPDPA #ธุรกิจ #ลดต้นทุน"" สำหรับใช้ค้นหาและอ้างอิงเมื่อลูกค้าถามเรื่องที่เกี่ยวข้อง","PDPA, ข้อมูลส่วนบุคคล, Privacy, เอกสาร PDPA, Policy","pdpa128","pdpa"
"AllShort","84","ประกาศแจ้งเตือนการจัดการข้อมูลส่วนบุคคล","https://www.youtube.com/watch?v=ZXDsVefINU0","คลังความรู้ Prajan: Short/Reel หัวข้อ ""ประกาศแจ้งเตือนการจัดการข้อมูลส่วนบุคคล"" สำหรับใช้ค้นหาและอ้างอิงเมื่อลูกค้าถามเรื่องที่เกี่ยวข้อง","PDPA, ข้อมูลส่วนบุคคล, Privacy, Consent, Cookie, Privacy Notice","consent19","consent"
"AllShort","85","เรียนรู้ PDPA เชิงลึก พร้อมลงมือปฏิบัติจริงที่นิมมาน เชียงใหม่! 🌳#pdpa  #cybersecurity #อบรมPDPA","https://www.youtube.com/watch?v=mJra_-pil3g","คลังความรู้ Prajan: Short/Reel หัวข้อ ""เรียนรู้ PDPA เชิงลึก พร้อมลงมือปฏิบัติจริงที่นิมมาน เชียงใหม่! 🌳#pdpa  #cybersecurity #อบรมPDPA"" สำหรับใช้ค้นหาและอ้างอิงเมื่อลูกค้าถามเรื่องที่เกี่ยวข้อง","PDPA, ข้อมูลส่วนบุคคล, Privacy, Security, Cybersecurity, Data Protection, Training, Workshop","train24","train"
"AllShort","86","1 นาที PDPA","https://www.youtube.com/watch?v=7H9ZA4PdyKo","คลังความรู้ Prajan: Short/Reel หัวข้อ ""1 นาที PDPA"" สำหรับใช้ค้นหาและอ้างอิงเมื่อลูกค้าถามเรื่องที่เกี่ยวข้อง","PDPA, ข้อมูลส่วนบุคคล, Privacy","pdpa129","pdpa"
"AllShort","87","การร้องเรียนสิทธิของเจ้าของข้อมูลส่วนบุคคล #pdpa #กฏหมายคุ้มครองข้อมูลส่วนบุคคล #ยื่นคำรอง#ร้องเรียน","https://www.youtube.com/watch?v=Pe-WsEYEwDM","คลังความรู้ Prajan: Short/Reel หัวข้อ ""การร้องเรียนสิทธิของเจ้าของข้อมูลส่วนบุคคล #pdpa #กฏหมายคุ้มครองข้อมูลส่วนบุคคล #ยื่นคำรอง#ร้องเรียน"" สำหรับใช้ค้นหาและอ้างอิงเมื่อลูกค้าถามเรื่องที่เกี่ยวข้อง","PDPA, ข้อมูลส่วนบุคคล, Privacy","pdpa130","pdpa"
"AllShort","88","การทำPDPAด้วยตนเอง เรามีเครื่องมือ⚙️ช่วยทำPDPA  12 เครื่องมือ ราคาเริ่มต้น 599 บาท","https://www.youtube.com/watch?v=4i0NlcBqJqQ","คลังความรู้ Prajan: Short/Reel หัวข้อ ""การทำPDPAด้วยตนเอง เรามีเครื่องมือ⚙️ช่วยทำPDPA  12 เครื่องมือ ราคาเริ่มต้น 599 บาท"" สำหรับใช้ค้นหาและอ้างอิงเมื่อลูกค้าถามเรื่องที่เกี่ยวข้อง","PDPA, ข้อมูลส่วนบุคคล, Privacy","pdpa131","pdpa"
"AllShort","89","มอบทุน 25,000 บาทสำหรับทำ PDPA สำหรับผู้เข้าโครงการ LIVE SPARK #pdpa #คุ้มครองข้อมูลส่วนบุคคล","https://www.youtube.com/watch?v=aAg6d8HNHCw","คลังความรู้ Prajan: Short/Reel หัวข้อ ""มอบทุน 25,000 บาทสำหรับทำ PDPA สำหรับผู้เข้าโครงการ LIVE SPARK #pdpa #คุ้มครองข้อมูลส่วนบุคคล"" สำหรับใช้ค้นหาและอ้างอิงเมื่อลูกค้าถามเรื่องที่เกี่ยวข้อง","PDPA, ข้อมูลส่วนบุคคล, Privacy","pdpa132","pdpa"
"AllShort","90","มิจฉาชีพประกาศรับสมัครงานพร้อมโฆษณาจูงใจ ภาค 2 #pdpa #คุ้มครองข้อมูลส่วนบุคคล","https://www.youtube.com/watch?v=hGEqlpvbL90","คลังความรู้ Prajan: Short/Reel หัวข้อ ""มิจฉาชีพประกาศรับสมัครงานพร้อมโฆษณาจูงใจ ภาค 2 #pdpa #คุ้มครองข้อมูลส่วนบุคคล"" สำหรับใช้ค้นหาและอ้างอิงเมื่อลูกค้าถามเรื่องที่เกี่ยวข้อง","PDPA, ข้อมูลส่วนบุคคล, Privacy","pdpa133","pdpa"
"AllShort","91","มิจฉาชีพประกาศรับสมัครงานพร้อมโฆษณาจูงใจ ภาค 1  #pdpa #คุ้มครองข้อมูลส่วนบุคคล","https://www.youtube.com/watch?v=OxbJhNGjc60","คลังความรู้ Prajan: Short/Reel หัวข้อ ""มิจฉาชีพประกาศรับสมัครงานพร้อมโฆษณาจูงใจ ภาค 1  #pdpa #คุ้มครองข้อมูลส่วนบุคคล"" สำหรับใช้ค้นหาและอ้างอิงเมื่อลูกค้าถามเรื่องที่เกี่ยวข้อง","PDPA, ข้อมูลส่วนบุคคล, Privacy","pdpa134","pdpa"
"AllShort","92","1 นาที PDPA บริษัทไหนเอาข้อมูลเราเอาไปขาย ดูยังไง  #PDPACheck #PDPA #pdpa #คุ้มครองข้อมูลส่วนบุคคล","https://www.youtube.com/watch?v=8gFauqs2M5g","คลังความรู้ Prajan: Short/Reel หัวข้อ ""1 นาที PDPA บริษัทไหนเอาข้อมูลเราเอาไปขาย ดูยังไง  #PDPACheck #PDPA #pdpa #คุ้มครองข้อมูลส่วนบุคคล"" สำหรับใช้ค้นหาและอ้างอิงเมื่อลูกค้าถามเรื่องที่เกี่ยวข้อง","PDPA, ข้อมูลส่วนบุคคล, Privacy","pdpa135","pdpa"
"AllShort","93","AI สำหรับช่วยทำ PDPA มีให้ใช้ใน pdpa check แล้ว #pdpa #คุ้มครองข้อมูลส่วนบุคคล","https://www.youtube.com/watch?v=KA_-14i9M5A","คลังความรู้ Prajan: Short/Reel หัวข้อ ""AI สำหรับช่วยทำ PDPA มีให้ใช้ใน pdpa check แล้ว #pdpa #คุ้มครองข้อมูลส่วนบุคคล"" สำหรับใช้ค้นหาและอ้างอิงเมื่อลูกค้าถามเรื่องที่เกี่ยวข้อง","PDPA, ข้อมูลส่วนบุคคล, Privacy, AI, Automation","ai20","ai"
"AllShort","94","การทำPDPAด้วยตนเอง ควรมีเครื่องมือ⚙️ช่วยทำPDPA  1 นาที #pdpa #คุ้มครองข้อมูลส่วนบุคคล #รับตัวแทน","https://www.youtube.com/watch?v=xHjI0dGeb5U","คลังความรู้ Prajan: Short/Reel หัวข้อ ""การทำPDPAด้วยตนเอง ควรมีเครื่องมือ⚙️ช่วยทำPDPA  1 นาที #pdpa #คุ้มครองข้อมูลส่วนบุคคล #รับตัวแทน"" สำหรับใช้ค้นหาและอ้างอิงเมื่อลูกค้าถามเรื่องที่เกี่ยวข้อง","PDPA, ข้อมูลส่วนบุคคล, Privacy","pdpa136","pdpa"
"AllShort","95","คอร์ส เรียน PDPA พร้อมนำไปใช้ ไม่มีค่าใช้จ่าย  #pdpa #คุ้มครองข้อมูลส่วนบุคคล #สอนฟรี #รับตัวแทน","https://www.youtube.com/watch?v=JIGYhXPHshs","คลังความรู้ Prajan: Short/Reel หัวข้อ ""คอร์ส เรียน PDPA พร้อมนำไปใช้ ไม่มีค่าใช้จ่าย  #pdpa #คุ้มครองข้อมูลส่วนบุคคล #สอนฟรี #รับตัวแทน"" สำหรับใช้ค้นหาและอ้างอิงเมื่อลูกค้าถามเรื่องที่เกี่ยวข้อง","PDPA, ข้อมูลส่วนบุคคล, Privacy","pdpa137","pdpa"
"AllShort","96","🚀วิธีการทำ PDPA สำหรับฝ่าย Hr กิจกรรมที่เกี่ยวข้องกับข้อมูลส่วนบุคคล  รับสมัครงาน ถึงลาออกจากงาน","https://www.youtube.com/watch?v=mH4uVztK-9Y","คลังความรู้ Prajan: Short/Reel หัวข้อ ""🚀วิธีการทำ PDPA สำหรับฝ่าย Hr กิจกรรมที่เกี่ยวข้องกับข้อมูลส่วนบุคคล  รับสมัครงาน ถึงลาออกจากงาน"" สำหรับใช้ค้นหาและอ้างอิงเมื่อลูกค้าถามเรื่องที่เกี่ยวข้อง","PDPA, ข้อมูลส่วนบุคคล, Privacy","pdpa138","pdpa"
"AllShort","97","วิธีทำประกาศแจ้งเตือนและให้ความยินยอมโดยอิสระ ตามกฏหมายคุ้มครองข้อมูลส่วนบุคคลโดย pdpa3in1.com#pdpa","https://www.youtube.com/watch?v=bndfI1Jq9pg","คลังความรู้ Prajan: Short/Reel หัวข้อ ""วิธีทำประกาศแจ้งเตือนและให้ความยินยอมโดยอิสระ ตามกฏหมายคุ้มครองข้อมูลส่วนบุคคลโดย pdpa3in1.com#pdpa"" สำหรับใช้ค้นหาและอ้างอิงเมื่อลูกค้าถามเรื่องที่เกี่ยวข้อง","PDPA, ข้อมูลส่วนบุคคล, Privacy, Consent, Cookie, Privacy Notice","consent20","consent"
"AllShort","98","🎉สรุปแนวทางการพัฒนาระบบ PDPA  #กฏหมายคุ้มครองข้อมูลส่วนบุคคล #PDPA #โปรแกรมPDPA #รับพัฒนาระบบPDPA","https://www.youtube.com/watch?v=PDxf1B09IAY","คลังความรู้ Prajan: Short/Reel หัวข้อ ""🎉สรุปแนวทางการพัฒนาระบบ PDPA  #กฏหมายคุ้มครองข้อมูลส่วนบุคคล #PDPA #โปรแกรมPDPA #รับพัฒนาระบบPDPA"" สำหรับใช้ค้นหาและอ้างอิงเมื่อลูกค้าถามเรื่องที่เกี่ยวข้อง","PDPA, ข้อมูลส่วนบุคคล, Privacy","pdpa139","pdpa"
"AllShort","99","อยากทำ App ให้บริการดีๆกับลูกค้า🥲ทำไมถูกลูกค้าร้องเรียน😂 #pdpa #รับตัวแทน#โปรแกรมPDPA#ขอความยินยอม","https://www.youtube.com/watch?v=XxHWmfsfUuw","คลังความรู้ Prajan: Short/Reel หัวข้อ ""อยากทำ App ให้บริการดีๆกับลูกค้า🥲ทำไมถูกลูกค้าร้องเรียน😂 #pdpa #รับตัวแทน#โปรแกรมPDPA#ขอความยินยอม"" สำหรับใช้ค้นหาและอ้างอิงเมื่อลูกค้าถามเรื่องที่เกี่ยวข้อง","PDPA, ข้อมูลส่วนบุคคล, Privacy, บริการ, Consulting, Consent, Cookie, Privacy Notice","consent21","consent"
"AllShort","100","บริการเอาต์ซอร์ซ PDPA","https://www.youtube.com/watch?v=nB7qksWmJ1k","คลังความรู้ Prajan: Short/Reel หัวข้อ ""บริการเอาต์ซอร์ซ PDPA"" สำหรับใช้ค้นหาและอ้างอิงเมื่อลูกค้าถามเรื่องที่เกี่ยวข้อง","PDPA, ข้อมูลส่วนบุคคล, Privacy, บริการ, Consulting","svc05","svc"
"AllShort","101","🔒 ลดความเสี่ยงข้อมูลรั่วไหล… โดยไม่ต้องแก้ระบบหลังบ้าน","https://www.youtube.com/watch?v=R6vPF77BCJ4","คลังความรู้ Prajan: Short/Reel หัวข้อ ""🔒 ลดความเสี่ยงข้อมูลรั่วไหล… โดยไม่ต้องแก้ระบบหลังบ้าน"" สำหรับใช้ค้นหาและอ้างอิงเมื่อลูกค้าถามเรื่องที่เกี่ยวข้อง","Security, Cybersecurity, Data Protection","sec40","sec"
"AllShort","102","IDC สำคัญกับ SMEs เราอย่างไร","https://www.youtube.com/watch?v=coqjsdDsbUU","คลังความรู้ Prajan: Short/Reel หัวข้อ ""IDC สำคัญกับ SMEs เราอย่างไร"" สำหรับใช้ค้นหาและอ้างอิงเมื่อลูกค้าถามเรื่องที่เกี่ยวข้อง","Prajan, Knowledge Base, Short/Reel","pdpa140","pdpa"
"AllShort","103","🎯 DPO ไม่ต้องทำงานคนเดียวอีกต่อไป!","https://www.youtube.com/watch?v=VgDym4qiVNk","คลังความรู้ Prajan: Short/Reel หัวข้อ ""🎯 DPO ไม่ต้องทำงานคนเดียวอีกต่อไป!"" สำหรับใช้ค้นหาและอ้างอิงเมื่อลูกค้าถามเรื่องที่เกี่ยวข้อง","DPO, ผู้ควบคุมข้อมูล","dpo09","dpo"
"AllShort","104","การโจมตีโรงไฟฟ้าในยูเครนปี 2015","https://www.youtube.com/watch?v=lxj3KOweeVE","คลังความรู้ Prajan: Short/Reel หัวข้อ ""การโจมตีโรงไฟฟ้าในยูเครนปี 2015"" สำหรับใช้ค้นหาและอ้างอิงเมื่อลูกค้าถามเรื่องที่เกี่ยวข้อง","Security, Cybersecurity, Data Protection","sec41","sec"
"AllShort","105","Wannacry มัลแวร์ Ransomware เรียกค่าไถ่ ทำไงดี ตอบ ทำอะไรไม่ได้ถ้าโดนไปแล้ว จริงหรือ ??","https://www.youtube.com/watch?v=gUt9i6yZL0U","คลังความรู้ Prajan: Short/Reel หัวข้อ ""Wannacry มัลแวร์ Ransomware เรียกค่าไถ่ ทำไงดี ตอบ ทำอะไรไม่ได้ถ้าโดนไปแล้ว จริงหรือ ??"" สำหรับใช้ค้นหาและอ้างอิงเมื่อลูกค้าถามเรื่องที่เกี่ยวข้อง","Security, Cybersecurity, Data Protection","sec42","sec"
"AllShort","106","เรียน Cyber Security เรียนแบบโจร รูปแบบ #cybersecurity","https://www.youtube.com/watch?v=3Alkb28nLOM","คลังความรู้ Prajan: Short/Reel หัวข้อ ""เรียน Cyber Security เรียนแบบโจร รูปแบบ #cybersecurity"" สำหรับใช้ค้นหาและอ้างอิงเมื่อลูกค้าถามเรื่องที่เกี่ยวข้อง","Security, Cybersecurity, Data Protection","sec43","sec"
"AllShort","107","หน่วยงานไม่มั่นใจว่าทำ PDPA ครบหรือไม่  #pdpa","https://www.youtube.com/watch?v=8fUYqD2jYq8","คลังความรู้ Prajan: Short/Reel หัวข้อ ""หน่วยงานไม่มั่นใจว่าทำ PDPA ครบหรือไม่  #pdpa"" สำหรับใช้ค้นหาและอ้างอิงเมื่อลูกค้าถามเรื่องที่เกี่ยวข้อง","PDPA, ข้อมูลส่วนบุคคล, Privacy","pdpa141","pdpa"
"AllShort","108","แนวทางทำPDPA 10 ด้านสอดคล้องกับมาตรฐานPDPA   Privacy Maturity Model","https://www.youtube.com/watch?v=l4nXHqeoV00","คลังความรู้ Prajan: Short/Reel หัวข้อ ""แนวทางทำPDPA 10 ด้านสอดคล้องกับมาตรฐานPDPA   Privacy Maturity Model"" สำหรับใช้ค้นหาและอ้างอิงเมื่อลูกค้าถามเรื่องที่เกี่ยวข้อง","PDPA, ข้อมูลส่วนบุคคล, Privacy","pdpa142","pdpa"
"AllShort","109","❤️อบรม PDPA ภาคปฏิบัติ มหาวิทยาลัยเทคโนโลยีมหานคร (อบรม Online)  วันที่ 21 มีนาคม 2568 #pdpa","https://www.youtube.com/watch?v=3pdYibLcXsA","คลังความรู้ Prajan: Short/Reel หัวข้อ ""❤️อบรม PDPA ภาคปฏิบัติ มหาวิทยาลัยเทคโนโลยีมหานคร (อบรม Online)  วันที่ 21 มีนาคม 2568 #pdpa"" สำหรับใช้ค้นหาและอ้างอิงเมื่อลูกค้าถามเรื่องที่เกี่ยวข้อง","PDPA, ข้อมูลส่วนบุคคล, Privacy, Training, Workshop","train25","train"
"AllShort","110","รู้หรือไม่? กฎหมายไทย 4 ฉบับนี้ ช่วยเสริมความแข็งแกร่งด้าน Cybersecurity ให้กับองค์กรของคุณ","https://www.youtube.com/watch?v=JJ6L_AK7Fxo","คลังความรู้ Prajan: Short/Reel หัวข้อ ""รู้หรือไม่? กฎหมายไทย 4 ฉบับนี้ ช่วยเสริมความแข็งแกร่งด้าน Cybersecurity ให้กับองค์กรของคุณ"" สำหรับใช้ค้นหาและอ้างอิงเมื่อลูกค้าถามเรื่องที่เกี่ยวข้อง","Security, Cybersecurity, Data Protection, Compliance, กฎหมาย","sec44","sec"
"AllShort","111","PDPA กวนใจ? 🤔 ให้คุณคูณ (Kunkoon) AI ช่วยสิ!","https://www.youtube.com/watch?v=3177Bz2-244","คลังความรู้ Prajan: Short/Reel หัวข้อ ""PDPA กวนใจ? 🤔 ให้คุณคูณ (Kunkoon) AI ช่วยสิ!"" สำหรับใช้ค้นหาและอ้างอิงเมื่อลูกค้าถามเรื่องที่เกี่ยวข้อง","PDPA, ข้อมูลส่วนบุคคล, Privacy, AI, Automation","ai21","ai"
"AllShort","112","ตัวอย่างการทำระบบ PDPA ผ่าน Application PDPA","https://www.youtube.com/watch?v=-X-OldpR2FI","คลังความรู้ Prajan: Short/Reel หัวข้อ ""ตัวอย่างการทำระบบ PDPA ผ่าน Application PDPA"" สำหรับใช้ค้นหาและอ้างอิงเมื่อลูกค้าถามเรื่องที่เกี่ยวข้อง","PDPA, ข้อมูลส่วนบุคคล, Privacy","pdpa143","pdpa"
"AllShort","113","เริ่มต้นทำ PDPA แบบ EASY E-Receipt","https://www.youtube.com/watch?v=pijzNV5iUBQ","คลังความรู้ Prajan: Short/Reel หัวข้อ ""เริ่มต้นทำ PDPA แบบ EASY E-Receipt"" สำหรับใช้ค้นหาและอ้างอิงเมื่อลูกค้าถามเรื่องที่เกี่ยวข้อง","PDPA, ข้อมูลส่วนบุคคล, Privacy","pdpa144","pdpa"
"AllShort","114","🇨🇳💰 在泰国合法交易加密货币！🇺🇸💰 Legally trade cryptocurrency in Thailand!","https://www.youtube.com/watch?v=QdzzbwA75Sg","คลังความรู้ Prajan: Short/Reel หัวข้อ ""🇨🇳💰 在泰国合法交易加密货币！🇺🇸💰 Legally trade cryptocurrency in Thailand!"" สำหรับใช้ค้นหาและอ้างอิงเมื่อลูกค้าถามเรื่องที่เกี่ยวข้อง","Prajan, Knowledge Base, Short/Reel","pdpa145","pdpa"
"AllShort","115","มุกใหม่ๆของ CallCenter เกิดจาก AI (Zero Day ATTACK)","https://www.youtube.com/watch?v=xiikQuimTEw","คลังความรู้ Prajan: Short/Reel หัวข้อ ""มุกใหม่ๆของ CallCenter เกิดจาก AI (Zero Day ATTACK)"" สำหรับใช้ค้นหาและอ้างอิงเมื่อลูกค้าถามเรื่องที่เกี่ยวข้อง","AI, Automation","ai22","ai"
"AllShort","116","การมาของ AI Agent เกี่ยวกับ PDPA #pdpa #cybersecurity","https://www.youtube.com/watch?v=6DcpmVe7BaU","คลังความรู้ Prajan: Short/Reel หัวข้อ ""การมาของ AI Agent เกี่ยวกับ PDPA #pdpa #cybersecurity"" สำหรับใช้ค้นหาและอ้างอิงเมื่อลูกค้าถามเรื่องที่เกี่ยวข้อง","PDPA, ข้อมูลส่วนบุคคล, Privacy, Security, Cybersecurity, Data Protection, AI, Automation","ai23","ai"
"AllShort","117","❤️ตอบปัญหาการเข้าเป็นพันธมิตรกับเรา  ตอบปัญหา  EP_4 AI มาเราต้องปรับตัว","https://www.youtube.com/watch?v=qMtK3dPXgz0","คลังความรู้ Prajan: Short/Reel หัวข้อ ""❤️ตอบปัญหาการเข้าเป็นพันธมิตรกับเรา  ตอบปัญหา  EP_4 AI มาเราต้องปรับตัว"" สำหรับใช้ค้นหาและอ้างอิงเมื่อลูกค้าถามเรื่องที่เกี่ยวข้อง","AI, Automation","ai24","ai"
"AllShort","118","การโจมตีแบบ Zero Day คือ การโจมตีที่พบช่องโหว่แต่ยังไม่ update #pdpa","https://www.youtube.com/watch?v=qWO6jHSwdP4","คลังความรู้ Prajan: Short/Reel หัวข้อ ""การโจมตีแบบ Zero Day คือ การโจมตีที่พบช่องโหว่แต่ยังไม่ update #pdpa"" สำหรับใช้ค้นหาและอ้างอิงเมื่อลูกค้าถามเรื่องที่เกี่ยวข้อง","PDPA, ข้อมูลส่วนบุคคล, Privacy, Security, Cybersecurity, Data Protection","sec45","sec"
"AllShort","119","❤️ตอบปัญหาการเข้าเป็นพันธมิตรกับเรา  EP_3 การทำงานร่วมพันธมิตร  #pdpa","https://www.youtube.com/watch?v=iBmazHFCzDQ","คลังความรู้ Prajan: Short/Reel หัวข้อ ""❤️ตอบปัญหาการเข้าเป็นพันธมิตรกับเรา  EP_3 การทำงานร่วมพันธมิตร  #pdpa"" สำหรับใช้ค้นหาและอ้างอิงเมื่อลูกค้าถามเรื่องที่เกี่ยวข้อง","PDPA, ข้อมูลส่วนบุคคล, Privacy","pdpa146","pdpa"
"AllShort","120","❤️ตอบปัญหาการเข้าเป็นพันธมิตรกับเรา  EP_3 การทำงานร่วมพันธมิตร","https://www.youtube.com/watch?v=R4aT_bY3OSU","คลังความรู้ Prajan: Short/Reel หัวข้อ ""❤️ตอบปัญหาการเข้าเป็นพันธมิตรกับเรา  EP_3 การทำงานร่วมพันธมิตร"" สำหรับใช้ค้นหาและอ้างอิงเมื่อลูกค้าถามเรื่องที่เกี่ยวข้อง","Prajan, Knowledge Base, Short/Reel","pdpa147","pdpa"
"AllShort","121","❤️ตอบปัญหาการเข้าเป็นพันธมิตรกับเรา   EP_2 เราไม่เอาข้อมูลไปแอบอ้าง","https://www.youtube.com/watch?v=O6IJqgMMkNg","คลังความรู้ Prajan: Short/Reel หัวข้อ ""❤️ตอบปัญหาการเข้าเป็นพันธมิตรกับเรา   EP_2 เราไม่เอาข้อมูลไปแอบอ้าง"" สำหรับใช้ค้นหาและอ้างอิงเมื่อลูกค้าถามเรื่องที่เกี่ยวข้อง","Prajan, Knowledge Base, Short/Reel","pdpa148","pdpa"
"AllShort","122","ตอบปัญหา  EP_1 วัตถุประสงค์ของโครงการพันธมิตร DPO กับเรา","https://www.youtube.com/watch?v=20LOQkthv2w","คลังความรู้ Prajan: Short/Reel หัวข้อ ""ตอบปัญหา  EP_1 วัตถุประสงค์ของโครงการพันธมิตร DPO กับเรา"" สำหรับใช้ค้นหาและอ้างอิงเมื่อลูกค้าถามเรื่องที่เกี่ยวข้อง","DPO, ผู้ควบคุมข้อมูล","dpo10","dpo"
"AllShort","123","เซ็น MOU เพื่อไปหลอกลวงนักธุรกิจชาติเดียวกัน #pdpa","https://www.youtube.com/watch?v=HFKUx1aJQOw","คลังความรู้ Prajan: Short/Reel หัวข้อ ""เซ็น MOU เพื่อไปหลอกลวงนักธุรกิจชาติเดียวกัน #pdpa"" สำหรับใช้ค้นหาและอ้างอิงเมื่อลูกค้าถามเรื่องที่เกี่ยวข้อง","PDPA, ข้อมูลส่วนบุคคล, Privacy","pdpa149","pdpa"
"AllShort","124","ความโปร่งใส (Transparency)  การทำประกาศแจ้งเตือน ตามบันทึกรายการกิจกรรม","https://www.youtube.com/watch?v=flpRUByFEmM","คลังความรู้ Prajan: Short/Reel หัวข้อ ""ความโปร่งใส (Transparency)  การทำประกาศแจ้งเตือน ตามบันทึกรายการกิจกรรม"" สำหรับใช้ค้นหาและอ้างอิงเมื่อลูกค้าถามเรื่องที่เกี่ยวข้อง","Consent, Cookie, Privacy Notice","consent22","consent"
"AllShort","125","Individuals' Rights (สิทธิของเจ้าของข้อมูลส่วนบุคคล)","https://www.youtube.com/watch?v=G2Osvillbi4","คลังความรู้ Prajan: Short/Reel หัวข้อ ""Individuals' Rights (สิทธิของเจ้าของข้อมูลส่วนบุคคล)"" สำหรับใช้ค้นหาและอ้างอิงเมื่อลูกค้าถามเรื่องที่เกี่ยวข้อง","PDPA, ข้อมูลส่วนบุคคล, Privacy","pdpa150","pdpa"
"AllShort","126","การอบรม ของเราสอดคล้องกับเกณฑ์ที่สำนักงานคณะกรรมการคุ้มครองข้อมูลส่วนบุคคลกำหนด","https://www.youtube.com/watch?v=bNGjtt75biI","คลังความรู้ Prajan: Short/Reel หัวข้อ ""การอบรม ของเราสอดคล้องกับเกณฑ์ที่สำนักงานคณะกรรมการคุ้มครองข้อมูลส่วนบุคคลกำหนด"" สำหรับใช้ค้นหาและอ้างอิงเมื่อลูกค้าถามเรื่องที่เกี่ยวข้อง","PDPA, ข้อมูลส่วนบุคคล, Privacy, Training, Workshop","train26","train"
"AllShort","127","การTraining and awareness การอบรมและการสร้างความตระหนัก","https://www.youtube.com/watch?v=htUzxe0EtGw","คลังความรู้ Prajan: Short/Reel หัวข้อ ""การTraining and awareness การอบรมและการสร้างความตระหนัก"" สำหรับใช้ค้นหาและอ้างอิงเมื่อลูกค้าถามเรื่องที่เกี่ยวข้อง","Training, Workshop","train27","train"
"AllShort","128","การปฏิบัติงานจริง Poliy and Procedures นโยบายและแนวปฏิบัติ","https://www.youtube.com/watch?v=ER4-VK2pc9Y","คลังความรู้ Prajan: Short/Reel หัวข้อ ""การปฏิบัติงานจริง Poliy and Procedures นโยบายและแนวปฏิบัติ"" สำหรับใช้ค้นหาและอ้างอิงเมื่อลูกค้าถามเรื่องที่เกี่ยวข้อง","เอกสาร PDPA, Policy","pdpa151","pdpa"
"AllShort","129","Oversight กำกับดูแลคุ้มครองข้อมูลส่วนบุคคล","https://www.youtube.com/watch?v=benjYEM63UI","คลังความรู้ Prajan: Short/Reel หัวข้อ ""Oversight กำกับดูแลคุ้มครองข้อมูลส่วนบุคคล"" สำหรับใช้ค้นหาและอ้างอิงเมื่อลูกค้าถามเรื่องที่เกี่ยวข้อง","PDPA, ข้อมูลส่วนบุคคล, Privacy","pdpa152","pdpa"
"AllShort","130","โครงการ “ยกระดับภาคธุรกิจเพื่อป้องกันและรับมือภัยคุกคามทางไซเบอร์” #pdpa","https://www.youtube.com/watch?v=J3q9TkS0nZs","คลังความรู้ Prajan: Short/Reel หัวข้อ ""โครงการ “ยกระดับภาคธุรกิจเพื่อป้องกันและรับมือภัยคุกคามทางไซเบอร์” #pdpa"" สำหรับใช้ค้นหาและอ้างอิงเมื่อลูกค้าถามเรื่องที่เกี่ยวข้อง","PDPA, ข้อมูลส่วนบุคคล, Privacy","pdpa153","pdpa"
"AllShort","131","รองรับการเปลี่ยนแปลงในยุค Digital Transformation & AI &Office Automation #pdpa #cybersecurity","https://www.youtube.com/watch?v=kUbgIyQ24w0","คลังความรู้ Prajan: Short/Reel หัวข้อ ""รองรับการเปลี่ยนแปลงในยุค Digital Transformation & AI &Office Automation #pdpa #cybersecurity"" สำหรับใช้ค้นหาและอ้างอิงเมื่อลูกค้าถามเรื่องที่เกี่ยวข้อง","PDPA, ข้อมูลส่วนบุคคล, Privacy, Security, Cybersecurity, Data Protection, AI, Automation","ai25","ai"
"AllShort","132","อบรม PDPA ครบวงจร สู่ความมั่นคงปลอดภัยของข้อมูลส่วนบุคคล 🌟","https://www.youtube.com/watch?v=wTZLvLqbSTw","คลังความรู้ Prajan: Short/Reel หัวข้อ ""อบรม PDPA ครบวงจร สู่ความมั่นคงปลอดภัยของข้อมูลส่วนบุคคล 🌟"" สำหรับใช้ค้นหาและอ้างอิงเมื่อลูกค้าถามเรื่องที่เกี่ยวข้อง","PDPA, ข้อมูลส่วนบุคคล, Privacy, Training, Workshop","train28","train"
"AllShort","133","Game Change: ยกระดับมาตรฐาน Security ประเทศไทยด้วย PDPA สู่มาตรฐานระดับโลก","https://www.youtube.com/watch?v=kzGLxdGfRY4","คลังความรู้ Prajan: Short/Reel หัวข้อ ""Game Change: ยกระดับมาตรฐาน Security ประเทศไทยด้วย PDPA สู่มาตรฐานระดับโลก"" สำหรับใช้ค้นหาและอ้างอิงเมื่อลูกค้าถามเรื่องที่เกี่ยวข้อง","PDPA, ข้อมูลส่วนบุคคล, Privacy, Security, Cybersecurity, Data Protection","sec46","sec"
"AllShort","134","ตอนนี้หลายหน่วยงานภาครัฐแหน่วยงานกำกับดูแล (Regulator)กำลังจะมีระเบียบใหม่เรื่องCyber Security","https://www.youtube.com/watch?v=PFArzZMQovQ","คลังความรู้ Prajan: Short/Reel หัวข้อ ""ตอนนี้หลายหน่วยงานภาครัฐแหน่วยงานกำกับดูแล (Regulator)กำลังจะมีระเบียบใหม่เรื่องCyber Security"" สำหรับใช้ค้นหาและอ้างอิงเมื่อลูกค้าถามเรื่องที่เกี่ยวข้อง","Security, Cybersecurity, Data Protection","sec47","sec"
"AllShort","135","""ท้ายสุดแล้ว...คุณทำ PDPA เพื่ออะไร?"" #pdpa","https://www.youtube.com/watch?v=9B1JmIcgdjk","คลังความรู้ Prajan: Short/Reel หัวข้อ """"ท้ายสุดแล้ว...คุณทำ PDPA เพื่ออะไร?"" #pdpa"" สำหรับใช้ค้นหาและอ้างอิงเมื่อลูกค้าถามเรื่องที่เกี่ยวข้อง","PDPA, ข้อมูลส่วนบุคคล, Privacy","pdpa154","pdpa"
"AllShort","136","“อย่าพึ่งลงทำ PDPA ถ้ายังไม่ลองถาม SGC!”ก่อนจะลงทุนทำ PDPA #pdpa","https://www.youtube.com/watch?v=_Y4u_uQwHC4","คลังความรู้ Prajan: Short/Reel หัวข้อ ""“อย่าพึ่งลงทำ PDPA ถ้ายังไม่ลองถาม SGC!”ก่อนจะลงทุนทำ PDPA #pdpa"" สำหรับใช้ค้นหาและอ้างอิงเมื่อลูกค้าถามเรื่องที่เกี่ยวข้อง","PDPA, ข้อมูลส่วนบุคคล, Privacy","pdpa155","pdpa"
"AllShort","137","🎉แนวโน้มปี 2568 – กูรูแนะนำ: ต้องทำให้พร้อม! #pdpa #cybersecurity","https://www.youtube.com/watch?v=pGiGAjiFMMk","คลังความรู้ Prajan: Short/Reel หัวข้อ ""🎉แนวโน้มปี 2568 – กูรูแนะนำ: ต้องทำให้พร้อม! #pdpa #cybersecurity"" สำหรับใช้ค้นหาและอ้างอิงเมื่อลูกค้าถามเรื่องที่เกี่ยวข้อง","PDPA, ข้อมูลส่วนบุคคล, Privacy, Security, Cybersecurity, Data Protection","sec48","sec"
"AllShort","138","""อยู่ดี ๆ ก็ซวย!""ชื่อหน่วยงานถูกนำไปแอบอ้างใช้หลอกประชาชน","https://www.youtube.com/watch?v=_AxttCJF4k0","คลังความรู้ Prajan: Short/Reel หัวข้อ """"อยู่ดี ๆ ก็ซวย!""ชื่อหน่วยงานถูกนำไปแอบอ้างใช้หลอกประชาชน"" สำหรับใช้ค้นหาและอ้างอิงเมื่อลูกค้าถามเรื่องที่เกี่ยวข้อง","Prajan, Knowledge Base, Short/Reel","pdpa156","pdpa"
"AllShort","139","💻 ปกป้ององค์กรของคุณจาก ภัย Cyber และ แก๊ง Call Center ด้วยมาตรฐาน PDPA","https://www.youtube.com/watch?v=IK0vk6fEtQY","คลังความรู้ Prajan: Short/Reel หัวข้อ ""💻 ปกป้ององค์กรของคุณจาก ภัย Cyber และ แก๊ง Call Center ด้วยมาตรฐาน PDPA"" สำหรับใช้ค้นหาและอ้างอิงเมื่อลูกค้าถามเรื่องที่เกี่ยวข้อง","PDPA, ข้อมูลส่วนบุคคล, Privacy, Security, Cybersecurity, Data Protection","sec49","sec"
"AllShort","140","สร้างมาตรฐาน PDPA = ตัดวงจรภัย Call Center","https://www.youtube.com/watch?v=y3CzHbpNPpI","คลังความรู้ Prajan: Short/Reel หัวข้อ ""สร้างมาตรฐาน PDPA = ตัดวงจรภัย Call Center"" สำหรับใช้ค้นหาและอ้างอิงเมื่อลูกค้าถามเรื่องที่เกี่ยวข้อง","PDPA, ข้อมูลส่วนบุคคล, Privacy","pdpa157","pdpa"
"AllShort","141","👻เพกาซัส (Pegasus) เป็นซอฟต์แวร์สปายแวร์ (Spyware)","https://www.youtube.com/watch?v=5qPXM5TCXwA","คลังความรู้ Prajan: Short/Reel หัวข้อ ""👻เพกาซัส (Pegasus) เป็นซอฟต์แวร์สปายแวร์ (Spyware)"" สำหรับใช้ค้นหาและอ้างอิงเมื่อลูกค้าถามเรื่องที่เกี่ยวข้อง","Prajan, Knowledge Base, Short/Reel","pdpa158","pdpa"
"AllShort","142","🎙️: ""ถ้าข้อมูลลูกค้าของคุณหลุดไป คุณจะทำยังไง? 😱 อย่าปล่อยให้ข้อมูลขององค์กรตกอยู่ในมือของคนผิด!""","https://www.youtube.com/watch?v=HJHjli-SG58","คลังความรู้ Prajan: Short/Reel หัวข้อ ""🎙️: ""ถ้าข้อมูลลูกค้าของคุณหลุดไป คุณจะทำยังไง? 😱 อย่าปล่อยให้ข้อมูลขององค์กรตกอยู่ในมือของคนผิด!"""" สำหรับใช้ค้นหาและอ้างอิงเมื่อลูกค้าถามเรื่องที่เกี่ยวข้อง","Prajan, Knowledge Base, Short/Reel","pdpa159","pdpa"
"AllShort","143","🎙️: ""ข้อมูลรั่วไหล = ความเสียหายมหาศาล! แต่คุณรู้ไหมว่าเหตุการณ์นี้ป้องกันได้?""","https://www.youtube.com/watch?v=lP5JqY_JNZY","คลังความรู้ Prajan: Short/Reel หัวข้อ ""🎙️: ""ข้อมูลรั่วไหล = ความเสียหายมหาศาล! แต่คุณรู้ไหมว่าเหตุการณ์นี้ป้องกันได้?"""" สำหรับใช้ค้นหาและอ้างอิงเมื่อลูกค้าถามเรื่องที่เกี่ยวข้อง","Security, Cybersecurity, Data Protection","sec50","sec"
"AllShort","144","ทำไมธุรกิจถึงควรมี Trustmark PDPAช่วยเพิ่มความน่าเชื่อถือ  #PDPACompliance  #prohibiteditems","https://www.youtube.com/watch?v=YvJd9rHX1qg","คลังความรู้ Prajan: Short/Reel หัวข้อ ""ทำไมธุรกิจถึงควรมี Trustmark PDPAช่วยเพิ่มความน่าเชื่อถือ  #PDPACompliance  #prohibiteditems"" สำหรับใช้ค้นหาและอ้างอิงเมื่อลูกค้าถามเรื่องที่เกี่ยวข้อง","PDPA, ข้อมูลส่วนบุคคล, Privacy, Compliance, กฎหมาย, Trustmark PDPA, Certification","train29","train"
"AllShort","145","ประโยชน์ของ Trustmark PDPAความโปร่งใส เพิ่มความเชื่อมั่นในธุรกิจ #PDPA #Trustmark #ธุรกิจยั่งยืน","https://www.youtube.com/watch?v=xZoIMt713S4","คลังความรู้ Prajan: Short/Reel หัวข้อ ""ประโยชน์ของ Trustmark PDPAความโปร่งใส เพิ่มความเชื่อมั่นในธุรกิจ #PDPA #Trustmark #ธุรกิจยั่งยืน"" สำหรับใช้ค้นหาและอ้างอิงเมื่อลูกค้าถามเรื่องที่เกี่ยวข้อง","PDPA, ข้อมูลส่วนบุคคล, Privacy, Trustmark PDPA, Certification","train30","train"
"AllShort","146","เอกสารที่ต้องเตรียมสำหรับ Trustmark PDPAเช็คลิสต์เอกสารที่จำเป็นในการยื่นขอ Trustmark PDPA #PDPA","https://www.youtube.com/watch?v=p8yCX3UhDLA","คลังความรู้ Prajan: Short/Reel หัวข้อ ""เอกสารที่ต้องเตรียมสำหรับ Trustmark PDPAเช็คลิสต์เอกสารที่จำเป็นในการยื่นขอ Trustmark PDPA #PDPA"" สำหรับใช้ค้นหาและอ้างอิงเมื่อลูกค้าถามเรื่องที่เกี่ยวข้อง","PDPA, ข้อมูลส่วนบุคคล, Privacy, Trustmark PDPA, Certification, เอกสาร PDPA, Policy","train31","train"
"AllShort","147","ขั้นตอนการขอ Trustmark PDPA #PDPACompliance #Trustmark #dataprotection","https://www.youtube.com/watch?v=FklY6t_IjSU","คลังความรู้ Prajan: Short/Reel หัวข้อ ""ขั้นตอนการขอ Trustmark PDPA #PDPACompliance #Trustmark #dataprotection"" สำหรับใช้ค้นหาและอ้างอิงเมื่อลูกค้าถามเรื่องที่เกี่ยวข้อง","PDPA, ข้อมูลส่วนบุคคล, Privacy, Compliance, กฎหมาย, Trustmark PDPA, Certification","train32","train"
"AllShort","148","Yeepeng International 2024","https://www.youtube.com/watch?v=H3O_M639VAg","คลังความรู้ Prajan: Short/Reel หัวข้อ ""Yeepeng International 2024"" สำหรับใช้ค้นหาและอ้างอิงเมื่อลูกค้าถามเรื่องที่เกี่ยวข้อง","Prajan, Knowledge Base, Short/Reel","pdpa160","pdpa"
"AllShort","149","📢 ข่าวสำคัญ! หน่วยงานรัฐเร่งผลักดันการปฏิบัติตาม PDPA และ พ.ร.บ.ไซเบอร์  #trustmarkpdpa","https://www.youtube.com/watch?v=dmYXNKVO6f0","คลังความรู้ Prajan: Short/Reel หัวข้อ ""📢 ข่าวสำคัญ! หน่วยงานรัฐเร่งผลักดันการปฏิบัติตาม PDPA และ พ.ร.บ.ไซเบอร์  #trustmarkpdpa"" สำหรับใช้ค้นหาและอ้างอิงเมื่อลูกค้าถามเรื่องที่เกี่ยวข้อง","PDPA, ข้อมูลส่วนบุคคล, Privacy, Trustmark PDPA, Certification","train33","train"
"AllShort","150","""รับรองมาตรฐาน PDPA พร้อม Trustmark!""","https://www.youtube.com/watch?v=N_GSQe7Cd5E","คลังความรู้ Prajan: Short/Reel หัวข้อ """"รับรองมาตรฐาน PDPA พร้อม Trustmark!"""" สำหรับใช้ค้นหาและอ้างอิงเมื่อลูกค้าถามเรื่องที่เกี่ยวข้อง","PDPA, ข้อมูลส่วนบุคคล, Privacy, Trustmark PDPA, Certification","train34","train"
"AllShort","151","Yeepeng International Prohibited Item /Not Allow","https://www.youtube.com/watch?v=3Rbl5FsTB2M","คลังความรู้ Prajan: Short/Reel หัวข้อ ""Yeepeng International Prohibited Item /Not Allow"" สำหรับใช้ค้นหาและอ้างอิงเมื่อลูกค้าถามเรื่องที่เกี่ยวข้อง","Prajan, Knowledge Base, Short/Reel","pdpa161","pdpa"
"AllShort","152","ทำอย่างไรหน่วยงานถูกแอบอ้างทำอย่างไร","https://www.youtube.com/watch?v=lHY8wMZA0Ko","คลังความรู้ Prajan: Short/Reel หัวข้อ ""ทำอย่างไรหน่วยงานถูกแอบอ้างทำอย่างไร"" สำหรับใช้ค้นหาและอ้างอิงเมื่อลูกค้าถามเรื่องที่เกี่ยวข้อง","Prajan, Knowledge Base, Short/Reel","pdpa162","pdpa"
"AllShort","153","ระบบPOS สำหรับขายสินค้าอื่นๆพร้อมกับการบริการซักอบรีด เพิ่มรายได้จบในที่เดียว","https://www.youtube.com/watch?v=qwjtUaOMccY","คลังความรู้ Prajan: Short/Reel หัวข้อ ""ระบบPOS สำหรับขายสินค้าอื่นๆพร้อมกับการบริการซักอบรีด เพิ่มรายได้จบในที่เดียว"" สำหรับใช้ค้นหาและอ้างอิงเมื่อลูกค้าถามเรื่องที่เกี่ยวข้อง","บริการ, Consulting","svc06","svc"
"AllShort","154","การสร้างระบบการสื่อ SMS สารอัตโนมัติสำหรับให้ลูกค้ารู้สึกถึงความใส่ใจรายละเอียด","https://www.youtube.com/watch?v=DyvzY6FOpIo","คลังความรู้ Prajan: Short/Reel หัวข้อ ""การสร้างระบบการสื่อ SMS สารอัตโนมัติสำหรับให้ลูกค้ารู้สึกถึงความใส่ใจรายละเอียด"" สำหรับใช้ค้นหาและอ้างอิงเมื่อลูกค้าถามเรื่องที่เกี่ยวข้อง","AI, Automation","ai26","ai"
"AllShort","155","ระบบโปรโมชั่น เพื่อสร้าง brand royalty สำหรับลูกค้ารู้สึกถึงความพิเศษความใส่ใจและความมีน้ำใจของร้าน","https://www.youtube.com/watch?v=8HiqjCtqaiU","คลังความรู้ Prajan: Short/Reel หัวข้อ ""ระบบโปรโมชั่น เพื่อสร้าง brand royalty สำหรับลูกค้ารู้สึกถึงความพิเศษความใส่ใจและความมีน้ำใจของร้าน"" สำหรับใช้ค้นหาและอ้างอิงเมื่อลูกค้าถามเรื่องที่เกี่ยวข้อง","Prajan, Knowledge Base, Short/Reel","pdpa163","pdpa"
"AllShort","156","การจัดเก็บข้อมูลลูกค้าและประวัติของผ้าพร้อมความรู้สึกของลูกค้าเท่าเทียมกัน","https://www.youtube.com/watch?v=oSHfcgqMqII","คลังความรู้ Prajan: Short/Reel หัวข้อ ""การจัดเก็บข้อมูลลูกค้าและประวัติของผ้าพร้อมความรู้สึกของลูกค้าเท่าเทียมกัน"" สำหรับใช้ค้นหาและอ้างอิงเมื่อลูกค้าถามเรื่องที่เกี่ยวข้อง","Prajan, Knowledge Base, Short/Reel","pdpa164","pdpa"
"AllShort","157","การกำหนดกำลังการผลิตซักอบรีดผ้าการวางแผนอย่างรอบคอบช่วยให้งานออกมาเป็นระบบ Premium มากขึ้น","https://www.youtube.com/watch?v=vyQlN4WdAeU","คลังความรู้ Prajan: Short/Reel หัวข้อ ""การกำหนดกำลังการผลิตซักอบรีดผ้าการวางแผนอย่างรอบคอบช่วยให้งานออกมาเป็นระบบ Premium มากขึ้น"" สำหรับใช้ค้นหาและอ้างอิงเมื่อลูกค้าถามเรื่องที่เกี่ยวข้อง","Prajan, Knowledge Base, Short/Reel","pdpa165","pdpa"
"AllShort","158","การกำหนดราคา  ปลดปล่อยความยุ่งยากในอดีต ความรู้สามารถถ่ายทอดได้โดยง่ายผ่านระบบคอมพิวเตอร์","https://www.youtube.com/watch?v=CLoplHn4j8g","คลังความรู้ Prajan: Short/Reel หัวข้อ ""การกำหนดราคา  ปลดปล่อยความยุ่งยากในอดีต ความรู้สามารถถ่ายทอดได้โดยง่ายผ่านระบบคอมพิวเตอร์"" สำหรับใช้ค้นหาและอ้างอิงเมื่อลูกค้าถามเรื่องที่เกี่ยวข้อง","Prajan, Knowledge Base, Short/Reel","pdpa166","pdpa"
"AllShort","159","คุณรู้หรือไม่ว่า 90% ของเว็บไซต์ในประเทศไทยยังทำผิด PDPA? 😱#PDPACompliance  #Cybersecurity","https://www.youtube.com/watch?v=zRYWqCdic1E","คลังความรู้ Prajan: Short/Reel หัวข้อ ""คุณรู้หรือไม่ว่า 90% ของเว็บไซต์ในประเทศไทยยังทำผิด PDPA? 😱#PDPACompliance  #Cybersecurity"" สำหรับใช้ค้นหาและอ้างอิงเมื่อลูกค้าถามเรื่องที่เกี่ยวข้อง","PDPA, ข้อมูลส่วนบุคคล, Privacy, Security, Cybersecurity, Data Protection, Compliance, กฎหมาย","sec51","sec"
"AllShort","160","กรณี ศึกษาการแจ้งละเมิด จากหน่วยราชการ","https://www.youtube.com/watch?v=9PHeqq6MsZc","คลังความรู้ Prajan: Short/Reel หัวข้อ ""กรณี ศึกษาการแจ้งละเมิด จากหน่วยราชการ"" สำหรับใช้ค้นหาและอ้างอิงเมื่อลูกค้าถามเรื่องที่เกี่ยวข้อง","Prajan, Knowledge Base, Short/Reel","pdpa167","pdpa"
"AllShort","161","🔐 เสริมเกราะป้องกันองค์กรของคุณด้วย ""Security Awareness"" จาก PDPACheck.com!","https://www.youtube.com/watch?v=wIVO4KBDjdY","คลังความรู้ Prajan: Short/Reel หัวข้อ ""🔐 เสริมเกราะป้องกันองค์กรของคุณด้วย ""Security Awareness"" จาก PDPACheck.com!"" สำหรับใช้ค้นหาและอ้างอิงเมื่อลูกค้าถามเรื่องที่เกี่ยวข้อง","PDPA, ข้อมูลส่วนบุคคล, Privacy, Security, Cybersecurity, Data Protection","sec52","sec"
"AllShort","162","🚨 โปรโมชั่นพิเศษ! บริการ PDPA Compliance ครบวงจร 🛡️✨","https://www.youtube.com/watch?v=-iO_RuZBLXw","คลังความรู้ Prajan: Short/Reel หัวข้อ ""🚨 โปรโมชั่นพิเศษ! บริการ PDPA Compliance ครบวงจร 🛡️✨"" สำหรับใช้ค้นหาและอ้างอิงเมื่อลูกค้าถามเรื่องที่เกี่ยวข้อง","PDPA, ข้อมูลส่วนบุคคล, Privacy, บริการ, Consulting, Compliance, กฎหมาย","svc07","svc"
"AllShort","163","✨ ทำ PDPA ด้วย AI จาก PDPACheck.com ง่ายๆ","https://www.youtube.com/watch?v=_R3QX7S9bi8","คลังความรู้ Prajan: Short/Reel หัวข้อ ""✨ ทำ PDPA ด้วย AI จาก PDPACheck.com ง่ายๆ"" สำหรับใช้ค้นหาและอ้างอิงเมื่อลูกค้าถามเรื่องที่เกี่ยวข้อง","PDPA, ข้อมูลส่วนบุคคล, Privacy, AI, Automation","ai27","ai"
"AllShort","164","✨ ทำ PDPA ด้วย AI จาก PDPACheck.com ง่ายๆ","https://www.youtube.com/watch?v=tHaYZyr92Hs","คลังความรู้ Prajan: Short/Reel หัวข้อ ""✨ ทำ PDPA ด้วย AI จาก PDPACheck.com ง่ายๆ"" สำหรับใช้ค้นหาและอ้างอิงเมื่อลูกค้าถามเรื่องที่เกี่ยวข้อง","PDPA, ข้อมูลส่วนบุคคล, Privacy, AI, Automation","ai28","ai"
"AllShort","165","ก็ทำ PDPA แล้ว ทำไมยังถูกปรับ?","https://www.youtube.com/watch?v=WTw2WDVDyyc","คลังความรู้ Prajan: Short/Reel หัวข้อ ""ก็ทำ PDPA แล้ว ทำไมยังถูกปรับ?"" สำหรับใช้ค้นหาและอ้างอิงเมื่อลูกค้าถามเรื่องที่เกี่ยวข้อง","PDPA, ข้อมูลส่วนบุคคล, Privacy","pdpa168","pdpa"
"AllShort","166","ทำไมไม่มีใครอยากทำ PDPA กฏหมายคุ้มครองข้อมูลส่วนบุคคล 🤔","https://www.youtube.com/watch?v=yUngMX9NvoU","คลังความรู้ Prajan: Short/Reel หัวข้อ ""ทำไมไม่มีใครอยากทำ PDPA กฏหมายคุ้มครองข้อมูลส่วนบุคคล 🤔"" สำหรับใช้ค้นหาและอ้างอิงเมื่อลูกค้าถามเรื่องที่เกี่ยวข้อง","PDPA, ข้อมูลส่วนบุคคล, Privacy","pdpa169","pdpa"
"AllShort","167","✨ เฉพาะสำหรับหน่วยงานที่ต้องการทำ PDPA ✨📚 การอบรมทำ PDPA ด้วยตนเองกับ🚫 ไม่เสียค่าใช้จ่าย🔴📝","https://www.youtube.com/watch?v=U000yvhIPTA","คลังความรู้ Prajan: Short/Reel หัวข้อ ""✨ เฉพาะสำหรับหน่วยงานที่ต้องการทำ PDPA ✨📚 การอบรมทำ PDPA ด้วยตนเองกับ🚫 ไม่เสียค่าใช้จ่าย🔴📝"" สำหรับใช้ค้นหาและอ้างอิงเมื่อลูกค้าถามเรื่องที่เกี่ยวข้อง","PDPA, ข้อมูลส่วนบุคคล, Privacy, Training, Workshop","train35","train"
"AllShort","168","🔒 ปกป้องข้อมูลสำคัญของคุณ: อย่าลืมเข้ารหัสไฟล์ก่อนส่งออกนอกบริษัท! 🔒 #pdpa #cybersecurity #pdpacheck","https://www.youtube.com/watch?v=5cxgj09q5K4","คลังความรู้ Prajan: Short/Reel หัวข้อ ""🔒 ปกป้องข้อมูลสำคัญของคุณ: อย่าลืมเข้ารหัสไฟล์ก่อนส่งออกนอกบริษัท! 🔒 #pdpa #cybersecurity #pdpacheck"" สำหรับใช้ค้นหาและอ้างอิงเมื่อลูกค้าถามเรื่องที่เกี่ยวข้อง","PDPA, ข้อมูลส่วนบุคคล, Privacy, Security, Cybersecurity, Data Protection","sec53","sec"
"AllShort","169","🍪 Cookie Consent: อนุญาต หรือ ปฏิเสธ? 🤔 #pdpa #cybersecurity #pdpacheck","https://www.youtube.com/watch?v=F9t6AWCzok4","คลังความรู้ Prajan: Short/Reel หัวข้อ ""🍪 Cookie Consent: อนุญาต หรือ ปฏิเสธ? 🤔 #pdpa #cybersecurity #pdpacheck"" สำหรับใช้ค้นหาและอ้างอิงเมื่อลูกค้าถามเรื่องที่เกี่ยวข้อง","PDPA, ข้อมูลส่วนบุคคล, Privacy, Security, Cybersecurity, Data Protection, Consent, Cookie, Privacy Notice","consent23","consent"
"AllShort","170","🔒 ปกป้องความเป็นส่วนตัวของคุณ: ลบ User ที่ไม่ใช้ใน PC ของคุณ! 🔒 #pdpa #cybersecurity #pdpacheck #sgc","https://www.youtube.com/watch?v=yLN9VHQnBDs","คลังความรู้ Prajan: Short/Reel หัวข้อ ""🔒 ปกป้องความเป็นส่วนตัวของคุณ: ลบ User ที่ไม่ใช้ใน PC ของคุณ! 🔒 #pdpa #cybersecurity #pdpacheck #sgc"" สำหรับใช้ค้นหาและอ้างอิงเมื่อลูกค้าถามเรื่องที่เกี่ยวข้อง","PDPA, ข้อมูลส่วนบุคคล, Privacy, Security, Cybersecurity, Data Protection","sec54","sec"
"AllShort","171","การสร้างประกาศ/แจ้งเตือน ด้วย AI","https://www.youtube.com/watch?v=IuDOMStOdmc","คลังความรู้ Prajan: Short/Reel หัวข้อ ""การสร้างประกาศ/แจ้งเตือน ด้วย AI"" สำหรับใช้ค้นหาและอ้างอิงเมื่อลูกค้าถามเรื่องที่เกี่ยวข้อง","AI, Automation, Consent, Cookie, Privacy Notice","consent24","consent"
"AllShort","172","การสร้างประกาศ/แจ้งเตือน ด้วย AI","https://www.youtube.com/watch?v=8ys9BNLOWEI","คลังความรู้ Prajan: Short/Reel หัวข้อ ""การสร้างประกาศ/แจ้งเตือน ด้วย AI"" สำหรับใช้ค้นหาและอ้างอิงเมื่อลูกค้าถามเรื่องที่เกี่ยวข้อง","AI, Automation, Consent, Cookie, Privacy Notice","consent25","consent"
"AllShort","173","PDPA ไม่ใช่เรื่องยากอีกต่อไป! ทำได้เองง่ายๆ ฟรี! ไม่มีค่าใช้จ่าย! 🚀","https://www.youtube.com/watch?v=DOK6v7ruJ08","คลังความรู้ Prajan: Short/Reel หัวข้อ ""PDPA ไม่ใช่เรื่องยากอีกต่อไป! ทำได้เองง่ายๆ ฟรี! ไม่มีค่าใช้จ่าย! 🚀"" สำหรับใช้ค้นหาและอ้างอิงเมื่อลูกค้าถามเรื่องที่เกี่ยวข้อง","PDPA, ข้อมูลส่วนบุคคล, Privacy","pdpa170","pdpa"
"AllShort","174","ภัยไซเบอร์แบบ MINT เข้าโจมตีคุณแล้วหรือยัง?","https://www.youtube.com/watch?v=_wAm2Qgt-zw","คลังความรู้ Prajan: Short/Reel หัวข้อ ""ภัยไซเบอร์แบบ MINT เข้าโจมตีคุณแล้วหรือยัง?"" สำหรับใช้ค้นหาและอ้างอิงเมื่อลูกค้าถามเรื่องที่เกี่ยวข้อง","Security, Cybersecurity, Data Protection","sec55","sec"
"AllShort","175","อย่ารอให้ภัยมาถึงตัว! ปกป้ององค์กรของคุณจากภัยร้ายของ AI ด้วย #ความปลอดภัยAI #ภัยไซเบอร์ #AI","https://www.youtube.com/watch?v=PEprkEf4FW8","คลังความรู้ Prajan: Short/Reel หัวข้อ ""อย่ารอให้ภัยมาถึงตัว! ปกป้ององค์กรของคุณจากภัยร้ายของ AI ด้วย #ความปลอดภัยAI #ภัยไซเบอร์ #AI"" สำหรับใช้ค้นหาและอ้างอิงเมื่อลูกค้าถามเรื่องที่เกี่ยวข้อง","Security, Cybersecurity, Data Protection, AI, Automation","ai29","ai"
"AllShort","176","Live สด ที่ชุมชนทีไร เสี่ยงโดนถูกร้อง ถูกปรับ 500,000 บาททุกที ถ้าไม่ทำตาม PDPA #pdpa","https://www.youtube.com/watch?v=kgZ5yvVrlIY","คลังความรู้ Prajan: Short/Reel หัวข้อ ""Live สด ที่ชุมชนทีไร เสี่ยงโดนถูกร้อง ถูกปรับ 500,000 บาททุกที ถ้าไม่ทำตาม PDPA #pdpa"" สำหรับใช้ค้นหาและอ้างอิงเมื่อลูกค้าถามเรื่องที่เกี่ยวข้อง","PDPA, ข้อมูลส่วนบุคคล, Privacy","pdpa171","pdpa"
"AllShort","177","ภัยไซเบอร์ไม่ใช่เรื่องไกลตัว! ปกป้องธุรกิจของคุณก่อนจะสายเกินแก้ด้วย PDPA to Security จาก SGC #pdpa","https://www.youtube.com/watch?v=g6foXaHnI3Y","คลังความรู้ Prajan: Short/Reel หัวข้อ ""ภัยไซเบอร์ไม่ใช่เรื่องไกลตัว! ปกป้องธุรกิจของคุณก่อนจะสายเกินแก้ด้วย PDPA to Security จาก SGC #pdpa"" สำหรับใช้ค้นหาและอ้างอิงเมื่อลูกค้าถามเรื่องที่เกี่ยวข้อง","PDPA, ข้อมูลส่วนบุคคล, Privacy, Security, Cybersecurity, Data Protection","sec56","sec"
"AllShort","178","1 นาที PDPA : Insider Threats: ภัยร้ายใกล้ตัวที่คุณต้องระวัง!รู้หรือไม่?","https://www.youtube.com/watch?v=NG5zDNInxhc","คลังความรู้ Prajan: Short/Reel หัวข้อ ""1 นาที PDPA : Insider Threats: ภัยร้ายใกล้ตัวที่คุณต้องระวัง!รู้หรือไม่?"" สำหรับใช้ค้นหาและอ้างอิงเมื่อลูกค้าถามเรื่องที่เกี่ยวข้อง","PDPA, ข้อมูลส่วนบุคคล, Privacy","pdpa172","pdpa"
"AllShort","179","PDPA & Security: ทำไมต้องทำพร้อมกัน?  #PDPA #Security #Cybersecurity #SGC","https://www.youtube.com/watch?v=FwPRhoCzYrI","คลังความรู้ Prajan: Short/Reel หัวข้อ ""PDPA & Security: ทำไมต้องทำพร้อมกัน?  #PDPA #Security #Cybersecurity #SGC"" สำหรับใช้ค้นหาและอ้างอิงเมื่อลูกค้าถามเรื่องที่เกี่ยวข้อง","PDPA, ข้อมูลส่วนบุคคล, Privacy, Security, Cybersecurity, Data Protection","sec57","sec"
"AllShort","180","PDPA ทำยาก? ไม่ต้องกังวลอีกต่อไป! PDPA Check ช่วยให้การทำ PDPA เป็นเรื่องง่ายสำหรับหน่วยงานขนาดใหญ่","https://www.youtube.com/watch?v=2Br1gLDb22M","คลังความรู้ Prajan: Short/Reel หัวข้อ ""PDPA ทำยาก? ไม่ต้องกังวลอีกต่อไป! PDPA Check ช่วยให้การทำ PDPA เป็นเรื่องง่ายสำหรับหน่วยงานขนาดใหญ่"" สำหรับใช้ค้นหาและอ้างอิงเมื่อลูกค้าถามเรื่องที่เกี่ยวข้อง","PDPA, ข้อมูลส่วนบุคคล, Privacy","pdpa173","pdpa"
"AllShort","181","ประเมินความรู้ PDPA & เรียน E-Learning | PDPACheck","https://www.youtube.com/watch?v=GLE-CuUhaa0","คลังความรู้ Prajan: Short/Reel หัวข้อ ""ประเมินความรู้ PDPA & เรียน E-Learning | PDPACheck"" สำหรับใช้ค้นหาและอ้างอิงเมื่อลูกค้าถามเรื่องที่เกี่ยวข้อง","PDPA, ข้อมูลส่วนบุคคล, Privacy","pdpa174","pdpa"
"AllShort","182","📢 เอกสาร PDPA เยอะจนปวดหัว?ลองใช้ PDPA Check สิ #PDPA #PDPAcheck #ตัวช่วยPDPA #ง่ายกว่าที่คิด","https://www.youtube.com/watch?v=dxkUtQRfvk4","คลังความรู้ Prajan: Short/Reel หัวข้อ ""📢 เอกสาร PDPA เยอะจนปวดหัว?ลองใช้ PDPA Check สิ #PDPA #PDPAcheck #ตัวช่วยPDPA #ง่ายกว่าที่คิด"" สำหรับใช้ค้นหาและอ้างอิงเมื่อลูกค้าถามเรื่องที่เกี่ยวข้อง","PDPA, ข้อมูลส่วนบุคคล, Privacy, เอกสาร PDPA, Policy","pdpa175","pdpa"
"AllShort","183","PDPA ทำยาก ปวดหัวเรื่องเอกสาร? #PDPA #PDPAcheck #ตัวช่วยPDPA #ธุรกิจ #ลดต้นทุน","https://www.youtube.com/watch?v=lU4rN3OTJdw","คลังความรู้ Prajan: Short/Reel หัวข้อ ""PDPA ทำยาก ปวดหัวเรื่องเอกสาร? #PDPA #PDPAcheck #ตัวช่วยPDPA #ธุรกิจ #ลดต้นทุน"" สำหรับใช้ค้นหาและอ้างอิงเมื่อลูกค้าถามเรื่องที่เกี่ยวข้อง","PDPA, ข้อมูลส่วนบุคคล, Privacy, เอกสาร PDPA, Policy","pdpa176","pdpa"
"AllShort","184","ประกาศแจ้งเตือนการจัดการข้อมูลส่วนบุคคล","https://www.youtube.com/watch?v=ZXDsVefINU0","คลังความรู้ Prajan: Short/Reel หัวข้อ ""ประกาศแจ้งเตือนการจัดการข้อมูลส่วนบุคคล"" สำหรับใช้ค้นหาและอ้างอิงเมื่อลูกค้าถามเรื่องที่เกี่ยวข้อง","PDPA, ข้อมูลส่วนบุคคล, Privacy, Consent, Cookie, Privacy Notice","consent26","consent"
"AllShort","185","เรียนรู้ PDPA เชิงลึก พร้อมลงมือปฏิบัติจริงที่นิมมาน เชียงใหม่! 🌳#pdpa  #cybersecurity #อบรมPDPA","https://www.youtube.com/watch?v=mJra_-pil3g","คลังความรู้ Prajan: Short/Reel หัวข้อ ""เรียนรู้ PDPA เชิงลึก พร้อมลงมือปฏิบัติจริงที่นิมมาน เชียงใหม่! 🌳#pdpa  #cybersecurity #อบรมPDPA"" สำหรับใช้ค้นหาและอ้างอิงเมื่อลูกค้าถามเรื่องที่เกี่ยวข้อง","PDPA, ข้อมูลส่วนบุคคล, Privacy, Security, Cybersecurity, Data Protection, Training, Workshop","train36","train"
"AllShort","186","1 นาที PDPA","https://www.youtube.com/watch?v=7H9ZA4PdyKo","คลังความรู้ Prajan: Short/Reel หัวข้อ ""1 นาที PDPA"" สำหรับใช้ค้นหาและอ้างอิงเมื่อลูกค้าถามเรื่องที่เกี่ยวข้อง","PDPA, ข้อมูลส่วนบุคคล, Privacy","pdpa177","pdpa"
"AllShort","187","การร้องเรียนสิทธิของเจ้าของข้อมูลส่วนบุคคล #pdpa #กฏหมายคุ้มครองข้อมูลส่วนบุคคล #ยื่นคำรอง#ร้องเรียน","https://www.youtube.com/watch?v=Pe-WsEYEwDM","คลังความรู้ Prajan: Short/Reel หัวข้อ ""การร้องเรียนสิทธิของเจ้าของข้อมูลส่วนบุคคล #pdpa #กฏหมายคุ้มครองข้อมูลส่วนบุคคล #ยื่นคำรอง#ร้องเรียน"" สำหรับใช้ค้นหาและอ้างอิงเมื่อลูกค้าถามเรื่องที่เกี่ยวข้อง","PDPA, ข้อมูลส่วนบุคคล, Privacy","pdpa178","pdpa"
"AllShort","188","การทำPDPAด้วยตนเอง เรามีเครื่องมือ⚙️ช่วยทำPDPA  12 เครื่องมือ ราคาเริ่มต้น 599 บาท","https://www.youtube.com/watch?v=4i0NlcBqJqQ","คลังความรู้ Prajan: Short/Reel หัวข้อ ""การทำPDPAด้วยตนเอง เรามีเครื่องมือ⚙️ช่วยทำPDPA  12 เครื่องมือ ราคาเริ่มต้น 599 บาท"" สำหรับใช้ค้นหาและอ้างอิงเมื่อลูกค้าถามเรื่องที่เกี่ยวข้อง","PDPA, ข้อมูลส่วนบุคคล, Privacy","pdpa179","pdpa"
"AllShort","189","มอบทุน 25,000 บาทสำหรับทำ PDPA สำหรับผู้เข้าโครงการ LIVE SPARK #pdpa #คุ้มครองข้อมูลส่วนบุคคล","https://www.youtube.com/watch?v=aAg6d8HNHCw","คลังความรู้ Prajan: Short/Reel หัวข้อ ""มอบทุน 25,000 บาทสำหรับทำ PDPA สำหรับผู้เข้าโครงการ LIVE SPARK #pdpa #คุ้มครองข้อมูลส่วนบุคคล"" สำหรับใช้ค้นหาและอ้างอิงเมื่อลูกค้าถามเรื่องที่เกี่ยวข้อง","PDPA, ข้อมูลส่วนบุคคล, Privacy","pdpa180","pdpa"
"AllShort","190","มิจฉาชีพประกาศรับสมัครงานพร้อมโฆษณาจูงใจ ภาค 2 #pdpa #คุ้มครองข้อมูลส่วนบุคคล","https://www.youtube.com/watch?v=hGEqlpvbL90","คลังความรู้ Prajan: Short/Reel หัวข้อ ""มิจฉาชีพประกาศรับสมัครงานพร้อมโฆษณาจูงใจ ภาค 2 #pdpa #คุ้มครองข้อมูลส่วนบุคคล"" สำหรับใช้ค้นหาและอ้างอิงเมื่อลูกค้าถามเรื่องที่เกี่ยวข้อง","PDPA, ข้อมูลส่วนบุคคล, Privacy","pdpa181","pdpa"
"AllShort","191","มิจฉาชีพประกาศรับสมัครงานพร้อมโฆษณาจูงใจ ภาค 1  #pdpa #คุ้มครองข้อมูลส่วนบุคคล","https://www.youtube.com/watch?v=OxbJhNGjc60","คลังความรู้ Prajan: Short/Reel หัวข้อ ""มิจฉาชีพประกาศรับสมัครงานพร้อมโฆษณาจูงใจ ภาค 1  #pdpa #คุ้มครองข้อมูลส่วนบุคคล"" สำหรับใช้ค้นหาและอ้างอิงเมื่อลูกค้าถามเรื่องที่เกี่ยวข้อง","PDPA, ข้อมูลส่วนบุคคล, Privacy","pdpa182","pdpa"
"AllShort","192","1 นาที PDPA บริษัทไหนเอาข้อมูลเราเอาไปขาย ดูยังไง  #PDPACheck #PDPA #pdpa #คุ้มครองข้อมูลส่วนบุคคล","https://www.youtube.com/watch?v=8gFauqs2M5g","คลังความรู้ Prajan: Short/Reel หัวข้อ ""1 นาที PDPA บริษัทไหนเอาข้อมูลเราเอาไปขาย ดูยังไง  #PDPACheck #PDPA #pdpa #คุ้มครองข้อมูลส่วนบุคคล"" สำหรับใช้ค้นหาและอ้างอิงเมื่อลูกค้าถามเรื่องที่เกี่ยวข้อง","PDPA, ข้อมูลส่วนบุคคล, Privacy","pdpa183","pdpa"
"AllShort","193","AI สำหรับช่วยทำ PDPA มีให้ใช้ใน pdpa check แล้ว #pdpa #คุ้มครองข้อมูลส่วนบุคคล","https://www.youtube.com/watch?v=KA_-14i9M5A","คลังความรู้ Prajan: Short/Reel หัวข้อ ""AI สำหรับช่วยทำ PDPA มีให้ใช้ใน pdpa check แล้ว #pdpa #คุ้มครองข้อมูลส่วนบุคคล"" สำหรับใช้ค้นหาและอ้างอิงเมื่อลูกค้าถามเรื่องที่เกี่ยวข้อง","PDPA, ข้อมูลส่วนบุคคล, Privacy, AI, Automation","ai30","ai"
"AllShort","194","การทำPDPAด้วยตนเอง ควรมีเครื่องมือ⚙️ช่วยทำPDPA  1 นาที #pdpa #คุ้มครองข้อมูลส่วนบุคคล #รับตัวแทน","https://www.youtube.com/watch?v=xHjI0dGeb5U","คลังความรู้ Prajan: Short/Reel หัวข้อ ""การทำPDPAด้วยตนเอง ควรมีเครื่องมือ⚙️ช่วยทำPDPA  1 นาที #pdpa #คุ้มครองข้อมูลส่วนบุคคล #รับตัวแทน"" สำหรับใช้ค้นหาและอ้างอิงเมื่อลูกค้าถามเรื่องที่เกี่ยวข้อง","PDPA, ข้อมูลส่วนบุคคล, Privacy","pdpa184","pdpa"
"AllShort","195","คอร์ส เรียน PDPA พร้อมนำไปใช้ ไม่มีค่าใช้จ่าย  #pdpa #คุ้มครองข้อมูลส่วนบุคคล #สอนฟรี #รับตัวแทน","https://www.youtube.com/watch?v=JIGYhXPHshs","คลังความรู้ Prajan: Short/Reel หัวข้อ ""คอร์ส เรียน PDPA พร้อมนำไปใช้ ไม่มีค่าใช้จ่าย  #pdpa #คุ้มครองข้อมูลส่วนบุคคล #สอนฟรี #รับตัวแทน"" สำหรับใช้ค้นหาและอ้างอิงเมื่อลูกค้าถามเรื่องที่เกี่ยวข้อง","PDPA, ข้อมูลส่วนบุคคล, Privacy","pdpa185","pdpa"
"AllShort","196","🚀วิธีการทำ PDPA สำหรับฝ่าย Hr กิจกรรมที่เกี่ยวข้องกับข้อมูลส่วนบุคคล  รับสมัครงาน ถึงลาออกจากงาน","https://www.youtube.com/watch?v=mH4uVztK-9Y","คลังความรู้ Prajan: Short/Reel หัวข้อ ""🚀วิธีการทำ PDPA สำหรับฝ่าย Hr กิจกรรมที่เกี่ยวข้องกับข้อมูลส่วนบุคคล  รับสมัครงาน ถึงลาออกจากงาน"" สำหรับใช้ค้นหาและอ้างอิงเมื่อลูกค้าถามเรื่องที่เกี่ยวข้อง","PDPA, ข้อมูลส่วนบุคคล, Privacy","pdpa186","pdpa"
"AllShort","197","วิธีทำประกาศแจ้งเตือนและให้ความยินยอมโดยอิสระ ตามกฏหมายคุ้มครองข้อมูลส่วนบุคคลโดย pdpa3in1.com#pdpa","https://www.youtube.com/watch?v=bndfI1Jq9pg","คลังความรู้ Prajan: Short/Reel หัวข้อ ""วิธีทำประกาศแจ้งเตือนและให้ความยินยอมโดยอิสระ ตามกฏหมายคุ้มครองข้อมูลส่วนบุคคลโดย pdpa3in1.com#pdpa"" สำหรับใช้ค้นหาและอ้างอิงเมื่อลูกค้าถามเรื่องที่เกี่ยวข้อง","PDPA, ข้อมูลส่วนบุคคล, Privacy, Consent, Cookie, Privacy Notice","consent27","consent"
"AllShort","198","🎉สรุปแนวทางการพัฒนาระบบ PDPA  #กฏหมายคุ้มครองข้อมูลส่วนบุคคล #PDPA #โปรแกรมPDPA #รับพัฒนาระบบPDPA","https://www.youtube.com/watch?v=PDxf1B09IAY","คลังความรู้ Prajan: Short/Reel หัวข้อ ""🎉สรุปแนวทางการพัฒนาระบบ PDPA  #กฏหมายคุ้มครองข้อมูลส่วนบุคคล #PDPA #โปรแกรมPDPA #รับพัฒนาระบบPDPA"" สำหรับใช้ค้นหาและอ้างอิงเมื่อลูกค้าถามเรื่องที่เกี่ยวข้อง","PDPA, ข้อมูลส่วนบุคคล, Privacy","pdpa187","pdpa"
"AllShort","199","อยากทำ App ให้บริการดีๆกับลูกค้า🥲ทำไมถูกลูกค้าร้องเรียน😂 #pdpa #รับตัวแทน#โปรแกรมPDPA#ขอความยินยอม","https://www.youtube.com/watch?v=XxHWmfsfUuw","คลังความรู้ Prajan: Short/Reel หัวข้อ ""อยากทำ App ให้บริการดีๆกับลูกค้า🥲ทำไมถูกลูกค้าร้องเรียน😂 #pdpa #รับตัวแทน#โปรแกรมPDPA#ขอความยินยอม"" สำหรับใช้ค้นหาและอ้างอิงเมื่อลูกค้าถามเรื่องที่เกี่ยวข้อง","PDPA, ข้อมูลส่วนบุคคล, Privacy, บริการ, Consulting, Consent, Cookie, Privacy Notice","consent28","consent"
"AllShort","200","บริษัทเราก็ไม่ได้ทำตามกฏหมายPDPA ซะด้วย “ทีนี้ใช้ข้อมูลลูกค้าก็ลำบาก” “ว้าวุ่นเลย” #ที่ปรึกษาpdpa","https://www.youtube.com/watch?v=Lu4Fpx6nJSA","คลังความรู้ Prajan: Short/Reel หัวข้อ ""บริษัทเราก็ไม่ได้ทำตามกฏหมายPDPA ซะด้วย “ทีนี้ใช้ข้อมูลลูกค้าก็ลำบาก” “ว้าวุ่นเลย” #ที่ปรึกษาpdpa"" สำหรับใช้ค้นหาและอ้างอิงเมื่อลูกค้าถามเรื่องที่เกี่ยวข้อง","PDPA, ข้อมูลส่วนบุคคล, Privacy","pdpa188","pdpa"
"AllShort","201","เครื่องมือช่วยทำ PDPAโปรแกรมทำ  PDPAระบบช่วยทำ PDPA 1 นาที PDPA #pdpa โปรแกรมPDPA   #ที่ปรึกษาpdpa","https://www.youtube.com/watch?v=LQVpEBsgQUE","คลังความรู้ Prajan: Short/Reel หัวข้อ ""เครื่องมือช่วยทำ PDPAโปรแกรมทำ  PDPAระบบช่วยทำ PDPA 1 นาที PDPA #pdpa โปรแกรมPDPA   #ที่ปรึกษาpdpa"" สำหรับใช้ค้นหาและอ้างอิงเมื่อลูกค้าถามเรื่องที่เกี่ยวข้อง","PDPA, ข้อมูลส่วนบุคคล, Privacy","pdpa189","pdpa"
"AllShort","202","⛓️ป้องกันปัญหาถูกร้องเรียน 🪤Case จริงที่เกิดขึ้นถูกร้องเรียนเรื่องการขอความยินยอมและถอนความยินยอม","https://www.youtube.com/watch?v=V0HrQEZNNT4","คลังความรู้ Prajan: Short/Reel หัวข้อ ""⛓️ป้องกันปัญหาถูกร้องเรียน 🪤Case จริงที่เกิดขึ้นถูกร้องเรียนเรื่องการขอความยินยอมและถอนความยินยอม"" สำหรับใช้ค้นหาและอ้างอิงเมื่อลูกค้าถามเรื่องที่เกี่ยวข้อง","Consent, Cookie, Privacy Notice","consent29","consent"
"AllShort","203","🎛️เครื่องมือช่วยทำ PDPA ราคา 599 บาท -9,990 บาท  #pdpa #คุ้มครองข้อมูลส่วนบุคคล","https://www.youtube.com/watch?v=k1jUsy-wP7Y","คลังความรู้ Prajan: Short/Reel หัวข้อ ""🎛️เครื่องมือช่วยทำ PDPA ราคา 599 บาท -9,990 บาท  #pdpa #คุ้มครองข้อมูลส่วนบุคคล"" สำหรับใช้ค้นหาและอ้างอิงเมื่อลูกค้าถามเรื่องที่เกี่ยวข้อง","PDPA, ข้อมูลส่วนบุคคล, Privacy","pdpa190","pdpa"
"AllShort","204","🎛️เครื่องมือช่วยทำ PDPA ราคา 590 บาท -9,990 บาท","https://www.youtube.com/watch?v=kJk8kkEV2TU","คลังความรู้ Prajan: Short/Reel หัวข้อ ""🎛️เครื่องมือช่วยทำ PDPA ราคา 590 บาท -9,990 บาท"" สำหรับใช้ค้นหาและอ้างอิงเมื่อลูกค้าถามเรื่องที่เกี่ยวข้อง","PDPA, ข้อมูลส่วนบุคคล, Privacy","pdpa191","pdpa"
"AllShort","205","Pdpacheck มีระบบต่างๆช่วยให้ทำPDPA ได้ง่ายขึ้นจนประสบความสำเร็จในการทำ PDPA","https://www.youtube.com/watch?v=aZdCimtwmz4","คลังความรู้ Prajan: Short/Reel หัวข้อ ""Pdpacheck มีระบบต่างๆช่วยให้ทำPDPA ได้ง่ายขึ้นจนประสบความสำเร็จในการทำ PDPA"" สำหรับใช้ค้นหาและอ้างอิงเมื่อลูกค้าถามเรื่องที่เกี่ยวข้อง","PDPA, ข้อมูลส่วนบุคคล, Privacy","pdpa192","pdpa"
"AllShort","206","ทำไมต้องทำ PDPA ทำไมต้องมีผู้ช่วยทำ PDPA","https://www.youtube.com/watch?v=E96tLKve1P4","คลังความรู้ Prajan: Short/Reel หัวข้อ ""ทำไมต้องทำ PDPA ทำไมต้องมีผู้ช่วยทำ PDPA"" สำหรับใช้ค้นหาและอ้างอิงเมื่อลูกค้าถามเรื่องที่เกี่ยวข้อง","PDPA, ข้อมูลส่วนบุคคล, Privacy","pdpa193","pdpa"
"AllShort","207","บริษัทหรือหน่วยงานได้ประโยชน์จากการทำตามกฏหมายคุ้มครองข้อมูลส่วนบุคคล(PDPA)อย่างไร","https://www.youtube.com/watch?v=R_6_VhJ9Kdk","คลังความรู้ Prajan: Short/Reel หัวข้อ ""บริษัทหรือหน่วยงานได้ประโยชน์จากการทำตามกฏหมายคุ้มครองข้อมูลส่วนบุคคล(PDPA)อย่างไร"" สำหรับใช้ค้นหาและอ้างอิงเมื่อลูกค้าถามเรื่องที่เกี่ยวข้อง","PDPA, ข้อมูลส่วนบุคคล, Privacy","pdpa194","pdpa"
"AllShort","208","ประโยชน์ของกฏหมายคุ้มครองข้อมูลส่วนบุคคล  PDPA","https://www.youtube.com/watch?v=4KaupHCq0ys","คลังความรู้ Prajan: Short/Reel หัวข้อ ""ประโยชน์ของกฏหมายคุ้มครองข้อมูลส่วนบุคคล  PDPA"" สำหรับใช้ค้นหาและอ้างอิงเมื่อลูกค้าถามเรื่องที่เกี่ยวข้อง","PDPA, ข้อมูลส่วนบุคคล, Privacy","pdpa195","pdpa"
"AllShort","209","หอพัก มีหน้าที่ต้องทำตามกฏหมายคุ้มครองข้อมูลส่วนบุคคล ดังนี้","https://www.youtube.com/watch?v=3hA6gNCKtNI","คลังความรู้ Prajan: Short/Reel หัวข้อ ""หอพัก มีหน้าที่ต้องทำตามกฏหมายคุ้มครองข้อมูลส่วนบุคคล ดังนี้"" สำหรับใช้ค้นหาและอ้างอิงเมื่อลูกค้าถามเรื่องที่เกี่ยวข้อง","PDPA, ข้อมูลส่วนบุคคล, Privacy","pdpa196","pdpa"
"AllShort","210","ร้านค้า Online  มีหน้าที่ตามกฏหมายคุ้มครองข้อมูลส่วนบุคคล ดังนี้","https://www.youtube.com/watch?v=OIUjUkS3-5c","คลังความรู้ Prajan: Short/Reel หัวข้อ ""ร้านค้า Online  มีหน้าที่ตามกฏหมายคุ้มครองข้อมูลส่วนบุคคล ดังนี้"" สำหรับใช้ค้นหาและอ้างอิงเมื่อลูกค้าถามเรื่องที่เกี่ยวข้อง","PDPA, ข้อมูลส่วนบุคคล, Privacy","pdpa197","pdpa"
"AllShort","211","Showcase ทำPDPA ร้านค้าOnline","https://www.youtube.com/watch?v=P0VgnHDDRXU","คลังความรู้ Prajan: Short/Reel หัวข้อ ""Showcase ทำPDPA ร้านค้าOnline"" สำหรับใช้ค้นหาและอ้างอิงเมื่อลูกค้าถามเรื่องที่เกี่ยวข้อง","PDPA, ข้อมูลส่วนบุคคล, Privacy","pdpa198","pdpa"
"AllShort","212","สิทธิของนักเรียน ต่อครูผู้สอนหรือโรงเรียนที่เป็นผู้จัดเก็บใช้งานข้อมูลนักเรียน","https://www.youtube.com/watch?v=9TJnGZ12z60","คลังความรู้ Prajan: Short/Reel หัวข้อ ""สิทธิของนักเรียน ต่อครูผู้สอนหรือโรงเรียนที่เป็นผู้จัดเก็บใช้งานข้อมูลนักเรียน"" สำหรับใช้ค้นหาและอ้างอิงเมื่อลูกค้าถามเรื่องที่เกี่ยวข้อง","Prajan, Knowledge Base, Short/Reel","pdpa199","pdpa"
"AllShort","213","การทำประกาศ แจ้งเตือน ขอความยินยอม PDPA ในองค์กรเกี่ยวกับพนักงาน (Hr)","https://www.youtube.com/watch?v=K_bTM0kOV9k","คลังความรู้ Prajan: Short/Reel หัวข้อ ""การทำประกาศ แจ้งเตือน ขอความยินยอม PDPA ในองค์กรเกี่ยวกับพนักงาน (Hr)"" สำหรับใช้ค้นหาและอ้างอิงเมื่อลูกค้าถามเรื่องที่เกี่ยวข้อง","PDPA, ข้อมูลส่วนบุคคล, Privacy, Consent, Cookie, Privacy Notice","consent30","consent"
"AllShort","214","การประกาศแจ้งเตือนและขอความยินยอม ภายในหน่วยงานมีส่วนที่เกี่ยวข้องกับข้อมูลส่วนบุคคลจำนวนมาก","https://www.youtube.com/watch?v=j1ffogjRP9c","คลังความรู้ Prajan: Short/Reel หัวข้อ ""การประกาศแจ้งเตือนและขอความยินยอม ภายในหน่วยงานมีส่วนที่เกี่ยวข้องกับข้อมูลส่วนบุคคลจำนวนมาก"" สำหรับใช้ค้นหาและอ้างอิงเมื่อลูกค้าถามเรื่องที่เกี่ยวข้อง","PDPA, ข้อมูลส่วนบุคคล, Privacy, Consent, Cookie, Privacy Notice","consent31","consent"
"AllShort","215","การประกาศ แจ้งเตือน  การขอความยินยอม กิจกรรมที่เกี่ยวข้องกับข้อมูลส่วนบุคคลภายในองค์กร","https://www.youtube.com/watch?v=BaVzqPmj_Ws","คลังความรู้ Prajan: Short/Reel หัวข้อ ""การประกาศ แจ้งเตือน  การขอความยินยอม กิจกรรมที่เกี่ยวข้องกับข้อมูลส่วนบุคคลภายในองค์กร"" สำหรับใช้ค้นหาและอ้างอิงเมื่อลูกค้าถามเรื่องที่เกี่ยวข้อง","PDPA, ข้อมูลส่วนบุคคล, Privacy, Consent, Cookie, Privacy Notice","consent32","consent"
"AllShort","216","ระบบทำ การประกาศแจ้งเตือนและขอความยินยอม  ทดลองฟรี pdpa3in1","https://www.youtube.com/watch?v=qiaN4c_gqM0","คลังความรู้ Prajan: Short/Reel หัวข้อ ""ระบบทำ การประกาศแจ้งเตือนและขอความยินยอม  ทดลองฟรี pdpa3in1"" สำหรับใช้ค้นหาและอ้างอิงเมื่อลูกค้าถามเรื่องที่เกี่ยวข้อง","PDPA, ข้อมูลส่วนบุคคล, Privacy, Consent, Cookie, Privacy Notice","consent33","consent"
"AllShort","217","เครื่องมือช่วยทำ PDPA","https://www.youtube.com/watch?v=d2MqdNjcq2o","คลังความรู้ Prajan: Short/Reel หัวข้อ ""เครื่องมือช่วยทำ PDPA"" สำหรับใช้ค้นหาและอ้างอิงเมื่อลูกค้าถามเรื่องที่เกี่ยวข้อง","PDPA, ข้อมูลส่วนบุคคล, Privacy","pdpa200","pdpa"
"AllShort","218","Short/Reel AbzvDifYma0","https://www.youtube.com/watch?v=AbzvDifYma0","คลังความรู้ Prajan: Short/Reel หัวข้อ ""Short/Reel AbzvDifYma0"" สำหรับใช้ค้นหาและอ้างอิงเมื่อลูกค้าถามเรื่องที่เกี่ยวข้อง","Prajan, Knowledge Base, Short/Reel","pdpa201","pdpa"
"AllShort","219","ภาคปฏิบัติการทำ PDPA สำหรับ โรงงาน และสวนผลไม้ Ep1","https://www.youtube.com/watch?v=gUp4XxCAHIw","คลังความรู้ Prajan: Short/Reel หัวข้อ ""ภาคปฏิบัติการทำ PDPA สำหรับ โรงงาน และสวนผลไม้ Ep1"" สำหรับใช้ค้นหาและอ้างอิงเมื่อลูกค้าถามเรื่องที่เกี่ยวข้อง","PDPA, ข้อมูลส่วนบุคคล, Privacy","pdpa202","pdpa"
"AllShort","220","ภาคปฏิบัติการทำ PDPA สำหรับ โรงงาน Ep2 (พนักงานภายในบริษัท)","https://www.youtube.com/watch?v=xZd6BiFshWY","คลังความรู้ Prajan: Short/Reel หัวข้อ ""ภาคปฏิบัติการทำ PDPA สำหรับ โรงงาน Ep2 (พนักงานภายในบริษัท)"" สำหรับใช้ค้นหาและอ้างอิงเมื่อลูกค้าถามเรื่องที่เกี่ยวข้อง","PDPA, ข้อมูลส่วนบุคคล, Privacy","pdpa203","pdpa"
"AllShort","221","เครื่องมือช่วยทำ PDPA","https://www.youtube.com/watch?v=N_xBLPqgS6E","คลังความรู้ Prajan: Short/Reel หัวข้อ ""เครื่องมือช่วยทำ PDPA"" สำหรับใช้ค้นหาและอ้างอิงเมื่อลูกค้าถามเรื่องที่เกี่ยวข้อง","PDPA, ข้อมูลส่วนบุคคล, Privacy","pdpa204","pdpa"
"AllShort","222","ป้องกันคลิปหลุด ภาพหลุด ด้วยกฏหมายคุ้มครองข้อมูลส่วนบุคคล","https://www.youtube.com/watch?v=TawqL0ho1Xg","คลังความรู้ Prajan: Short/Reel หัวข้อ ""ป้องกันคลิปหลุด ภาพหลุด ด้วยกฏหมายคุ้มครองข้อมูลส่วนบุคคล"" สำหรับใช้ค้นหาและอ้างอิงเมื่อลูกค้าถามเรื่องที่เกี่ยวข้อง","PDPA, ข้อมูลส่วนบุคคล, Privacy","pdpa205","pdpa"
"AllShort","223","สิทธิของเจ้าของข้อมูลส่วนบุคคล","https://www.youtube.com/watch?v=fGxIKA1dgh4","คลังความรู้ Prajan: Short/Reel หัวข้อ ""สิทธิของเจ้าของข้อมูลส่วนบุคคล"" สำหรับใช้ค้นหาและอ้างอิงเมื่อลูกค้าถามเรื่องที่เกี่ยวข้อง","PDPA, ข้อมูลส่วนบุคคล, Privacy","pdpa206","pdpa"
"AllShort","224","คลิปหลุด รูปหลุด ทำอย่างไร ให้กฏหมายคุ้มครองข้อมูลส่วนบุคคลแก้ไขได้ ก่อนที่รูปจะหลุดก็สามารถแจ้งได้","https://www.youtube.com/watch?v=E-SxCHv7-Bo","คลังความรู้ Prajan: Short/Reel หัวข้อ ""คลิปหลุด รูปหลุด ทำอย่างไร ให้กฏหมายคุ้มครองข้อมูลส่วนบุคคลแก้ไขได้ ก่อนที่รูปจะหลุดก็สามารถแจ้งได้"" สำหรับใช้ค้นหาและอ้างอิงเมื่อลูกค้าถามเรื่องที่เกี่ยวข้อง","PDPA, ข้อมูลส่วนบุคคล, Privacy","pdpa207","pdpa"
"AllShort","225","คลิปหลุด ทำอย่างไร  สิทธิของเจ้าของข้อมูลส่วนบุคคล ช่วยแก้ปัญหาก่อน คลิปหลุดออกไป","https://www.youtube.com/watch?v=rcnLGH1Tj60","คลังความรู้ Prajan: Short/Reel หัวข้อ ""คลิปหลุด ทำอย่างไร  สิทธิของเจ้าของข้อมูลส่วนบุคคล ช่วยแก้ปัญหาก่อน คลิปหลุดออกไป"" สำหรับใช้ค้นหาและอ้างอิงเมื่อลูกค้าถามเรื่องที่เกี่ยวข้อง","PDPA, ข้อมูลส่วนบุคคล, Privacy","pdpa208","pdpa"
"AllShort","226","Showcase :ทำร้านค้า บริษัท หน่วยงานให้สอดคล้องกับ PDPA","https://www.youtube.com/watch?v=4JLwneIhZIY","คลังความรู้ Prajan: Short/Reel หัวข้อ ""Showcase :ทำร้านค้า บริษัท หน่วยงานให้สอดคล้องกับ PDPA"" สำหรับใช้ค้นหาและอ้างอิงเมื่อลูกค้าถามเรื่องที่เกี่ยวข้อง","PDPA, ข้อมูลส่วนบุคคล, Privacy","pdpa209","pdpa"
"AllShort","227","การทำ PDPA สำหรับหน่วยงานหลายสาขา","https://www.youtube.com/watch?v=Kai-0tAMFHs","คลังความรู้ Prajan: Short/Reel หัวข้อ ""การทำ PDPA สำหรับหน่วยงานหลายสาขา"" สำหรับใช้ค้นหาและอ้างอิงเมื่อลูกค้าถามเรื่องที่เกี่ยวข้อง","PDPA, ข้อมูลส่วนบุคคล, Privacy","pdpa210","pdpa"
"AllShort","228","การทำ PDPA จัดทำองค์กรให้สอดคล้องกับกฏหมายคุ้มครองข้อมูลส่วนบุคคล","https://www.youtube.com/watch?v=OCPN7snfbKY","คลังความรู้ Prajan: Short/Reel หัวข้อ ""การทำ PDPA จัดทำองค์กรให้สอดคล้องกับกฏหมายคุ้มครองข้อมูลส่วนบุคคล"" สำหรับใช้ค้นหาและอ้างอิงเมื่อลูกค้าถามเรื่องที่เกี่ยวข้อง","PDPA, ข้อมูลส่วนบุคคล, Privacy","pdpa211","pdpa"
"AllShort","229","การทำ PDPA จัดทำองค์กรให้สอดคล้องกับกฏหมายคุ้มครองข้อมูลส่วนบุคคล","https://www.youtube.com/watch?v=28BSeqcahhw","คลังความรู้ Prajan: Short/Reel หัวข้อ ""การทำ PDPA จัดทำองค์กรให้สอดคล้องกับกฏหมายคุ้มครองข้อมูลส่วนบุคคล"" สำหรับใช้ค้นหาและอ้างอิงเมื่อลูกค้าถามเรื่องที่เกี่ยวข้อง","PDPA, ข้อมูลส่วนบุคคล, Privacy","pdpa212","pdpa"
"AllShort","230","1 นาที PDPA","https://www.youtube.com/watch?v=9KAwfB6u5wI","คลังความรู้ Prajan: Short/Reel หัวข้อ ""1 นาที PDPA"" สำหรับใช้ค้นหาและอ้างอิงเมื่อลูกค้าถามเรื่องที่เกี่ยวข้อง","PDPA, ข้อมูลส่วนบุคคล, Privacy","pdpa213","pdpa"
"AllShort","231","1 นาที ภัย Cyber : ราชภัย อาจทำล้มภายในข้ามคืนได้ ควรป้องกันไว้ดีกว่าแก้ไข โดยทำตามกฏหมาย","https://www.youtube.com/watch?v=ggpq_EndihY","คลังความรู้ Prajan: Short/Reel หัวข้อ ""1 นาที ภัย Cyber : ราชภัย อาจทำล้มภายในข้ามคืนได้ ควรป้องกันไว้ดีกว่าแก้ไข โดยทำตามกฏหมาย"" สำหรับใช้ค้นหาและอ้างอิงเมื่อลูกค้าถามเรื่องที่เกี่ยวข้อง","Security, Cybersecurity, Data Protection","sec58","sec"
"AllShort","232","การทำ PDPA  กฏหมายคุ้มครองข้อมูลส่วนบุคคล Showcase หอพัก","https://www.youtube.com/watch?v=qXlsgVmldVU","คลังความรู้ Prajan: Short/Reel หัวข้อ ""การทำ PDPA  กฏหมายคุ้มครองข้อมูลส่วนบุคคล Showcase หอพัก"" สำหรับใช้ค้นหาและอ้างอิงเมื่อลูกค้าถามเรื่องที่เกี่ยวข้อง","PDPA, ข้อมูลส่วนบุคคล, Privacy","pdpa214","pdpa"
"AllShort","233","การใช้ Log file เป็นส่วนหนึ่งของมาตรการรักษาความปลอดภัยของข้อมูลส่วนบุคคล","https://www.youtube.com/watch?v=j5akSsdgYK0","คลังความรู้ Prajan: Short/Reel หัวข้อ ""การใช้ Log file เป็นส่วนหนึ่งของมาตรการรักษาความปลอดภัยของข้อมูลส่วนบุคคล"" สำหรับใช้ค้นหาและอ้างอิงเมื่อลูกค้าถามเรื่องที่เกี่ยวข้อง","PDPA, ข้อมูลส่วนบุคคล, Privacy, Security, Cybersecurity, Data Protection","sec59","sec"
"AllShort","234","1 นาที PDPA : แต่งตั้งเจ้าหน้าที่คุ้มครองข้อมูล ส่วนบุคคล(Data Protection Officer : DPO)","https://www.youtube.com/watch?v=2XZOUZ-8Oo8","คลังความรู้ Prajan: Short/Reel หัวข้อ ""1 นาที PDPA : แต่งตั้งเจ้าหน้าที่คุ้มครองข้อมูล ส่วนบุคคล(Data Protection Officer : DPO)"" สำหรับใช้ค้นหาและอ้างอิงเมื่อลูกค้าถามเรื่องที่เกี่ยวข้อง","PDPA, ข้อมูลส่วนบุคคล, Privacy, DPO, ผู้ควบคุมข้อมูล","dpo11","dpo"
"AllShort","235","1 นาที PDPA : จัดให้มีข้อตกลงระหว่างผู้ควบคุมข้อมูลส่วนบุคคลและผู้ประมวลผลข้อมูลส่วนบุคคล","https://www.youtube.com/watch?v=IlrBuY9Kin0","คลังความรู้ Prajan: Short/Reel หัวข้อ ""1 นาที PDPA : จัดให้มีข้อตกลงระหว่างผู้ควบคุมข้อมูลส่วนบุคคลและผู้ประมวลผลข้อมูลส่วนบุคคล"" สำหรับใช้ค้นหาและอ้างอิงเมื่อลูกค้าถามเรื่องที่เกี่ยวข้อง","PDPA, ข้อมูลส่วนบุคคล, Privacy, DPO, ผู้ควบคุมข้อมูล","dpo12","dpo"
"AllShort","236","1 นาที PDPA :จัดทำบันทึกรายการประมวลผลข้อมูล (Record of Processing Activities : RoPA)","https://www.youtube.com/watch?v=Ajz9OrfVUEo","คลังความรู้ Prajan: Short/Reel หัวข้อ ""1 นาที PDPA :จัดทำบันทึกรายการประมวลผลข้อมูล (Record of Processing Activities : RoPA)"" สำหรับใช้ค้นหาและอ้างอิงเมื่อลูกค้าถามเรื่องที่เกี่ยวข้อง","PDPA, ข้อมูลส่วนบุคคล, Privacy","pdpa215","pdpa"
"AllShort","237","1 นาที PDPA : แต่งตั้งตัวแทนในราชอาณาจักร","https://www.youtube.com/watch?v=XezACYGW2vM","คลังความรู้ Prajan: Short/Reel หัวข้อ ""1 นาที PDPA : แต่งตั้งตัวแทนในราชอาณาจักร"" สำหรับใช้ค้นหาและอ้างอิงเมื่อลูกค้าถามเรื่องที่เกี่ยวข้อง","PDPA, ข้อมูลส่วนบุคคล, Privacy","pdpa216","pdpa"
"AllShort","238","1 นาที PDPA : สำหรับหน่วยงานขนาดใหญ่","https://www.youtube.com/watch?v=7XUCczLbvhc","คลังความรู้ Prajan: Short/Reel หัวข้อ ""1 นาที PDPA : สำหรับหน่วยงานขนาดใหญ่"" สำหรับใช้ค้นหาและอ้างอิงเมื่อลูกค้าถามเรื่องที่เกี่ยวข้อง","PDPA, ข้อมูลส่วนบุคคล, Privacy","pdpa217","pdpa"
"AllShort","239","การทำ PDPA สำหรับหน่วยงานขนาดใหญ่","https://www.youtube.com/watch?v=Ipu116b-1vc","คลังความรู้ Prajan: Short/Reel หัวข้อ ""การทำ PDPA สำหรับหน่วยงานขนาดใหญ่"" สำหรับใช้ค้นหาและอ้างอิงเมื่อลูกค้าถามเรื่องที่เกี่ยวข้อง","PDPA, ข้อมูลส่วนบุคคล, Privacy","pdpa218","pdpa"
"AllShort","240","1 นาที PDPA : แจ้งเหตุการณ์ละเมิดข้อมูลส่วนบุคคล","https://www.youtube.com/watch?v=YzEwkQhb4qU","คลังความรู้ Prajan: Short/Reel หัวข้อ ""1 นาที PDPA : แจ้งเหตุการณ์ละเมิดข้อมูลส่วนบุคคล"" สำหรับใช้ค้นหาและอ้างอิงเมื่อลูกค้าถามเรื่องที่เกี่ยวข้อง","PDPA, ข้อมูลส่วนบุคคล, Privacy","pdpa219","pdpa"
"AllShort","241","1 นาที PDPA : ตรวจสอบ ดำเนินการลบ ทำลาย หรือทำให้ข้อมูลส่วนบุคคลเป็นข้อมูลที่ไม่สามารถระบุตัวตนได้","https://www.youtube.com/watch?v=aF5OLijr0gE","คลังความรู้ Prajan: Short/Reel หัวข้อ ""1 นาที PDPA : ตรวจสอบ ดำเนินการลบ ทำลาย หรือทำให้ข้อมูลส่วนบุคคลเป็นข้อมูลที่ไม่สามารถระบุตัวตนได้"" สำหรับใช้ค้นหาและอ้างอิงเมื่อลูกค้าถามเรื่องที่เกี่ยวข้อง","PDPA, ข้อมูลส่วนบุคคล, Privacy","pdpa220","pdpa"
"AllShort","242","1 นาที PDPA : การป้องการไม่ให้ผู้อื่นใช้หรือเปิดเผยข้อมูลโดยมิชอบ","https://www.youtube.com/watch?v=RDPA4k1fJw8","คลังความรู้ Prajan: Short/Reel หัวข้อ ""1 นาที PDPA : การป้องการไม่ให้ผู้อื่นใช้หรือเปิดเผยข้อมูลโดยมิชอบ"" สำหรับใช้ค้นหาและอ้างอิงเมื่อลูกค้าถามเรื่องที่เกี่ยวข้อง","PDPA, ข้อมูลส่วนบุคคล, Privacy","pdpa221","pdpa"
"AllShort","243","1 นาที PDPA : คู่มือทำPDPAด้วยตนเองด้วย pdpacheck ฉบับเข้าใจง่าย","https://www.youtube.com/watch?v=TYdY6VrlAH4","คลังความรู้ Prajan: Short/Reel หัวข้อ ""1 นาที PDPA : คู่มือทำPDPAด้วยตนเองด้วย pdpacheck ฉบับเข้าใจง่าย"" สำหรับใช้ค้นหาและอ้างอิงเมื่อลูกค้าถามเรื่องที่เกี่ยวข้อง","PDPA, ข้อมูลส่วนบุคคล, Privacy","pdpa222","pdpa"
"AllShort","244","1 นาที PDPA เตือนภัย Cyber :โจรภัย เอาข้อมูลส่วนบุคคลของลูกค้าเราไปหลอกลูกเรา แต่เราอาจซวยด้วย","https://www.youtube.com/watch?v=r0LjVkpE0dg","คลังความรู้ Prajan: Short/Reel หัวข้อ ""1 นาที PDPA เตือนภัย Cyber :โจรภัย เอาข้อมูลส่วนบุคคลของลูกค้าเราไปหลอกลูกเรา แต่เราอาจซวยด้วย"" สำหรับใช้ค้นหาและอ้างอิงเมื่อลูกค้าถามเรื่องที่เกี่ยวข้อง","PDPA, ข้อมูลส่วนบุคคล, Privacy, Security, Cybersecurity, Data Protection","sec60","sec"
"AllShort","245","1 นาที PDPA เตือนภัย Cyber : โจรภัย นำข้อมูลส่วนบุคคลไปหากินโดยผิดกฏหมาย เราอยากเป็นเครื่องมือ","https://www.youtube.com/watch?v=J2mSmnVUwOM","คลังความรู้ Prajan: Short/Reel หัวข้อ ""1 นาที PDPA เตือนภัย Cyber : โจรภัย นำข้อมูลส่วนบุคคลไปหากินโดยผิดกฏหมาย เราอยากเป็นเครื่องมือ"" สำหรับใช้ค้นหาและอ้างอิงเมื่อลูกค้าถามเรื่องที่เกี่ยวข้อง","PDPA, ข้อมูลส่วนบุคคล, Privacy, Security, Cybersecurity, Data Protection","sec61","sec"
"AllShort","246","1 นาที PDPA :จัดให้มีมาตรการรักษาความมั่นคงปลอดภัยของข้อมูล","https://www.youtube.com/watch?v=YesY2EaALuw","คลังความรู้ Prajan: Short/Reel หัวข้อ ""1 นาที PDPA :จัดให้มีมาตรการรักษาความมั่นคงปลอดภัยของข้อมูล"" สำหรับใช้ค้นหาและอ้างอิงเมื่อลูกค้าถามเรื่องที่เกี่ยวข้อง","PDPA, ข้อมูลส่วนบุคคล, Privacy","pdpa223","pdpa"
"AllShort","247","1 นาที PDPA :เปิดให้เจ้าของข้อมูลส่วนบุคคลใช้สิทธิโดยง่าย","https://www.youtube.com/watch?v=bqvdcxwWUn0","คลังความรู้ Prajan: Short/Reel หัวข้อ ""1 นาที PDPA :เปิดให้เจ้าของข้อมูลส่วนบุคคลใช้สิทธิโดยง่าย"" สำหรับใช้ค้นหาและอ้างอิงเมื่อลูกค้าถามเรื่องที่เกี่ยวข้อง","PDPA, ข้อมูลส่วนบุคคล, Privacy","pdpa224","pdpa"
"AllShort","248","1 นาที PDPA:ผู้ควบคุมข้อมูลส่วนบุคคล:เก็บรวบรวม ใช้งาน เปิดเผย ข้อมูลส่วนบุคคลให้เป็นไปตามฐานกฎหมาย","https://www.youtube.com/watch?v=7xyuueISwME","คลังความรู้ Prajan: Short/Reel หัวข้อ ""1 นาที PDPA:ผู้ควบคุมข้อมูลส่วนบุคคล:เก็บรวบรวม ใช้งาน เปิดเผย ข้อมูลส่วนบุคคลให้เป็นไปตามฐานกฎหมาย"" สำหรับใช้ค้นหาและอ้างอิงเมื่อลูกค้าถามเรื่องที่เกี่ยวข้อง","PDPA, ข้อมูลส่วนบุคคล, Privacy, Compliance, กฎหมาย, DPO, ผู้ควบคุมข้อมูล","dpo13","dpo"
"AllShort","249","สู่ความสำเร็จPDPA","https://www.youtube.com/watch?v=sirA2GZFEz4","คลังความรู้ Prajan: Short/Reel หัวข้อ ""สู่ความสำเร็จPDPA"" สำหรับใช้ค้นหาและอ้างอิงเมื่อลูกค้าถามเรื่องที่เกี่ยวข้อง","PDPA, ข้อมูลส่วนบุคคล, Privacy","pdpa225","pdpa"
"AllShort","250","คู่มือแนวทางปฏิบัติPDPA โดย PDPACheck","https://www.youtube.com/watch?v=hQEP1QSvNc8","คลังความรู้ Prajan: Short/Reel หัวข้อ ""คู่มือแนวทางปฏิบัติPDPA โดย PDPACheck"" สำหรับใช้ค้นหาและอ้างอิงเมื่อลูกค้าถามเรื่องที่เกี่ยวข้อง","PDPA, ข้อมูลส่วนบุคคล, Privacy","pdpa226","pdpa"
"AllShort","251","Review เอกการกฏหมายคุ้มครองข้อมูลส่วนบุคคล (PDPA)ช่วยประหยัดเวลาการศึกษาPDPA","https://www.youtube.com/watch?v=gN6f2gysMNg","คลังความรู้ Prajan: Short/Reel หัวข้อ ""Review เอกการกฏหมายคุ้มครองข้อมูลส่วนบุคคล (PDPA)ช่วยประหยัดเวลาการศึกษาPDPA"" สำหรับใช้ค้นหาและอ้างอิงเมื่อลูกค้าถามเรื่องที่เกี่ยวข้อง","PDPA, ข้อมูลส่วนบุคคล, Privacy","pdpa227","pdpa"
"AllShort","252","🔑ภาคปฏิบัติการสร้าง  Cookie Consent สำหรับ Wordpress","https://www.youtube.com/watch?v=BT7w_hefIok","คลังความรู้ Prajan: Short/Reel หัวข้อ ""🔑ภาคปฏิบัติการสร้าง  Cookie Consent สำหรับ Wordpress"" สำหรับใช้ค้นหาและอ้างอิงเมื่อลูกค้าถามเรื่องที่เกี่ยวข้อง","Consent, Cookie, Privacy Notice","consent34","consent"
"AllShort","253","🔑ภาคปฏิบัติทำนโยบาย แจ้งเตือน ขอความยินยอม ตัวอย่างการสร้าง Mail Marketing เพื่อเก็บข้อมูลลูกค้า","https://www.youtube.com/watch?v=eq1CDKB4X2s","คลังความรู้ Prajan: Short/Reel หัวข้อ ""🔑ภาคปฏิบัติทำนโยบาย แจ้งเตือน ขอความยินยอม ตัวอย่างการสร้าง Mail Marketing เพื่อเก็บข้อมูลลูกค้า"" สำหรับใช้ค้นหาและอ้างอิงเมื่อลูกค้าถามเรื่องที่เกี่ยวข้อง","Consent, Cookie, Privacy Notice, เอกสาร PDPA, Policy","consent35","consent"
"AllShort","254","เจ้าของข้อมูลส่วนบุคคล มีสิทธิและสามาถถูกปฏิเสธสิทธิได้","https://www.youtube.com/watch?v=ZOAcDUfRPkE","คลังความรู้ Prajan: Short/Reel หัวข้อ ""เจ้าของข้อมูลส่วนบุคคล มีสิทธิและสามาถถูกปฏิเสธสิทธิได้"" สำหรับใช้ค้นหาและอ้างอิงเมื่อลูกค้าถามเรื่องที่เกี่ยวข้อง","PDPA, ข้อมูลส่วนบุคคล, Privacy","pdpa228","pdpa"
"AllShort","255","EP 2 การแจ้งรายละเอียดเกี่ยวก้บการรวบรวม ใช้และเปิดเผยข้อมูลส่วนบุคคล","https://www.youtube.com/watch?v=DtkEfIn0WQs","คลังความรู้ Prajan: Short/Reel หัวข้อ ""EP 2 การแจ้งรายละเอียดเกี่ยวก้บการรวบรวม ใช้และเปิดเผยข้อมูลส่วนบุคคล"" สำหรับใช้ค้นหาและอ้างอิงเมื่อลูกค้าถามเรื่องที่เกี่ยวข้อง","PDPA, ข้อมูลส่วนบุคคล, Privacy","pdpa229","pdpa"
"AllShort","256","EP 1 หน้าที่ ของผู้ควบคุมข้อมูลส่วนบุคคล ที่PDPAกำหนดให้ผู้ที่รวบรวมจัดเก็บเปิดเผยใช้งานข้อมูลทำ","https://www.youtube.com/watch?v=mjNzNt8hDdo","คลังความรู้ Prajan: Short/Reel หัวข้อ ""EP 1 หน้าที่ ของผู้ควบคุมข้อมูลส่วนบุคคล ที่PDPAกำหนดให้ผู้ที่รวบรวมจัดเก็บเปิดเผยใช้งานข้อมูลทำ"" สำหรับใช้ค้นหาและอ้างอิงเมื่อลูกค้าถามเรื่องที่เกี่ยวข้อง","PDPA, ข้อมูลส่วนบุคคล, Privacy, DPO, ผู้ควบคุมข้อมูล","dpo14","dpo"
